tid,tournament_name,start_date,month,raw_team,team_name,team_key,player_1,player_2,deck_1,deck_2,deck_url_1,deck_url_2,deck_name_pt_1,deck_name_pt_2,deck_name_en_1,deck_name_en_2,colecao_1,colecao_2,map_status,missing_players,missing_decks
liga-2x2-presencial-s1-e01-1,Liga 2x2 presencial S1-E01,2026-01-31,2026-01,Baron & Dare,Baron & Dare,baron & dare,Baron,Dare,Virtude e Valor,Animated Army,https://moxfield.com/decks/Oo_99oH5K0ifS25Wzu5qLw,https://moxfield.com/decks/IZBQnOST_kWlQtqytb75rg,Virtude e Valor,Animated Army,Virtue and Valor,Animated Army,Wilds of Eldraine,Bloomburrow,manual,0,0
liga-2x2-presencial-s1-e01-1,Liga 2x2 presencial S1-E01,2026-01-31,2026-01,Langa & Guga,Guga & Langa,guga & langa,Langa,Guga,Içar Velas,Mardu Surge,https://moxfield.com/decks/2wB6WsbRwU-ZdNlWHu6VKg,https://moxfield.com/decks/Ofx3_fKIg0eNc9wg_moKPw,Içar Velas,Mardu Surge,Ahoy Mateys,Mardu Surge,The Lost Caverns of Ixalan,Tarkir Dragonstorm,manual,0,0
liga-2x2-presencial-s1-e01-1,Liga 2x2 presencial S1-E01,2026-01-31,2026-01,Martin & Jorel,Jorel & Martin,jorel & martin,Martin,Jorel,Jeskai Striker,Creative Energy,https://moxfield.com/decks/GqSQ24NIJkq-144dkab-HQ,https://moxfield.com/decks/V896XG46-kuKTCBXImt5Cg,Jeskai Striker,Creative Energy,Jeskai Striker,Creative Energy,Tarkir Dragonstorm,Modern Horizons 3,manual,0,0
liga-2x2-presencial-s1-e01-1,Liga 2x2 presencial S1-E01,2026-01-31,2026-01,Nobru & Metusa,Metusa & Nobru,metusa & nobru,Nobru,Metusa,Virtude e Valor,Jump Scare!,https://moxfield.com/decks/Oo_99oH5K0ifS25Wzu5qLw,https://moxfield.com/decks/XzGgdXc-TE-qFr4lzmGl6Q,Virtude e Valor,Jump Scare!,Virtue and Valor,Jump Scare!,Wilds of Eldraine,Duskmourn: House of Horror,manual,0,0
liga-2x2-presencial-s1-e01-1,Liga 2x2 presencial S1-E01,2026-01-31,2026-01,Zubk & Nath,Nath & Zubk,nath & zubk,Zubk,Nath,Devorarrrdores de Mentes,Perigo Mortal,https://moxfield.com/decks/fmt6yaMreU2LXsLELVt7xw,https://moxfield.com/decks/OVDNmzDGOEW6CL-dVVCxbA,Devorarrrdores de Mentes,Perigo Mortal,Mind Flayarrrs,Grave Danger,Commander Legends: Battle for Baldur's Gate,Starter Commander Decks,manual,0,0
liga-2x2-presencial-s1-e01-1,Liga 2x2 presencial S1-E01,2026-01-31,2026-01,Teixeira & Pedro,Pedro & Teixeira,pedro & teixeira,Teixeira,Pedro,Veloci-E-Rápido,Içar Velas,https://moxfield.com/decks/KcPWaLquLkmIOy3XsFHTqQ,https://moxfield.com/decks/2wB6WsbRwU-ZdNlWHu6VKg,Veloci-E-Rápido,Içar Velas,Veloci-Ramp-Tor,Ahoy Mateys,The Lost Caverns of Ixalan,The Lost Caverns of Ixalan,manual,0,0
liga-2x2-presencial-s1-e02,Liga 2x2 presencial S1-E02,2026-02-07,2026-02,Fiel e Werneck,Fiel & marcus vinicius werneck esteves,fiel & marcus vinicius werneck esteves,Fiel,marcus vinicius werneck esteves,Death Toll,Endless Punishment,https://moxfield.com/decks/IYNgcuHZQk2WJeZMJw0t7Q,https://moxfield.com/decks/eg5J71BzAU-yctY6lRn12Q,Death Toll,Endless Punishment,Death Toll,Endless Punishment,Duskmourn: House of Horror,Duskmourn: House of Horror,manual,0,0
liga-2x2-presencial-s1-e02,Liga 2x2 presencial S1-E02,2026-02-07,2026-02,Jorel e Martin,Jorel & Martin,jorel & martin,Jorel,Martin,Blight Curse,Counter Blitz,https://moxfield.com/decks/dDoe4mrTwEWH0sP2H7WH4A,https://moxfield.com/decks/sDazpxFOb0S9IAdQSA_7lg,Blight Curse,Counter Blitz,Blight Curse,Counter Blitz,Lorwyn Eclipsed,Final Fantasy,manual,0,0
liga-2x2-presencial-s1-e02,Liga 2x2 presencial S1-E02,2026-02-07,2026-02,Nobru e Metusa,Metusa & Nobru,metusa & nobru,Nobru,Metusa,Virtude e Valor,Jump Scare!,https://moxfield.com/decks/Oo_99oH5K0ifS25Wzu5qLw,https://moxfield.com/decks/XzGgdXc-TE-qFr4lzmGl6Q,Virtude e Valor,Jump Scare!,Virtue and Valor,Jump Scare!,Wilds of Eldraine,Duskmourn: House of Horror,manual,0,0
liga-2x2-presencial-s1-e02,Liga 2x2 presencial S1-E02,2026-02-07,2026-02,Tony e Oscar,Oscar & Tony,oscar & tony,Tony,Oscar,Domínio das Fadinas,Scions & Spellcraft,https://moxfield.com/decks/ErDyBjAnKE6l5TqX6wMxdg,https://moxfield.com/decks/r_IFt9Gc3UqaULfoAEjVvg,Domínio das Fadinas,Scions & Spellcraft,Fae Dominion,Scions & Spellcraft,Wilds of Eldraine,Final Fantasy,manual,0,0
liga-2x2-presencial-s1-e04,Liga 2x2 presencial S1-E04,2026-02-21,2026-02,Bauer & Langa,Bauer & Langa,bauer & langa,Bauer,Langa,Içar Velas,Temur Roar,https://moxfield.com/decks/2wB6WsbRwU-ZdNlWHu6VKg,https://moxfield.com/decks/sao-2xrGqUCIfv46edPgmw,Içar Velas,Temur Roar,Ahoy Mateys,Temur Roar,The Lost Caverns of Ixalan,Tarkir Dragonstorm,manual,0,0
liga-2x2-presencial-s1-e04,Liga 2x2 presencial S1-E04,2026-02-21,2026-02,Freire & Pudeulko,Freire & Pudeulko,freire & pudeulko,Freire,Pudeulko,,,,,,,,,,,manual,0,1
liga-2x2-presencial-s1-e04,Liga 2x2 presencial S1-E04,2026-02-21,2026-02,Jorel & Martin,Jorel & Martin,jorel & martin,Jorel,Martin,Blight Curse,Counter Blitz,https://moxfield.com/decks/dDoe4mrTwEWH0sP2H7WH4A,https://moxfield.com/decks/sDazpxFOb0S9IAdQSA_7lg,Blight Curse,Counter Blitz,Blight Curse,Counter Blitz,Lorwyn Eclipsed,Final Fantasy,manual,0,0
liga-2x2-presencial-s1-e04,Liga 2x2 presencial S1-E04,2026-02-21,2026-02,Rudzzt & Metusa,Metusa & Rudzzt,metusa & rudzzt,Rudzzt,Metusa,Scions & Spellcraft,Jump Scare!,https://moxfield.com/decks/r_IFt9Gc3UqaULfoAEjVvg,https://moxfield.com/decks/XzGgdXc-TE-qFr4lzmGl6Q,Scions & Spellcraft,Jump Scare!,Scions & Spellcraft,Jump Scare!,Final Fantasy,Duskmourn: House of Horror,manual,0,0
liga-2x2-presencial-s1-e04,Liga 2x2 presencial S1-E04,2026-02-21,2026-02,Nobru & Tarik,Nobru & Tarik,nobru & tarik,Nobru,Tarik,,,,,,,,,,,manual,0,1
liga-2x2-presencial-s1-e04,Liga 2x2 presencial S1-E04,2026-02-21,2026-02,Zangalli & Zangalli pai,Zangalli & Zangalli pai,zangalli & zangalli pai,Zangalli,Zangalli pai,Jeskai Striker,Veloci-E-Rápido,https://moxfield.com/decks/GqSQ24NIJkq-144dkab-HQ,https://moxfield.com/decks/KcPWaLquLkmIOy3XsFHTqQ,Jeskai Striker,Veloci-E-Rápido,Jeskai Striker,Veloci-Ramp-Tor,Tarkir Dragonstorm,The Lost Caverns of Ixalan,manual,0,0
liga-2x2-presencial-s1-e06,Liga 2x2 presencial S1-E06,2026-03-07,2026-03,Aleksander e Luisa,Aleksander & Luisa,aleksander & luisa,Aleksander,Luisa,,,,,,,,,,,manual,0,1
liga-2x2-presencial-s1-e06,Liga 2x2 presencial S1-E06,2026-03-07,2026-03,Carlos e Mel,Carlos & Mel,carlos & mel,Carlos,Mel,Virtude e Valor,Cavaleiros de Rohan,https://moxfield.com/decks/Oo_99oH5K0ifS25Wzu5qLw,https://moxfield.com/decks/hi-cA6GBykKPYJ9xW0g_KQ,Virtude e Valor,Cavaleiros de Rohan,Virtue and Valor,Riders of Rohan,Wilds of Eldraine,The Lord Of The Rings: Tales Of Middle-Earth,manual,0,0
liga-2x2-presencial-s1-e06,Liga 2x2 presencial S1-E06,2026-03-07,2026-03,Matheus e luciano,Luciano & Matheus,luciano & matheus,Matheus,Luciano,Counter Blitz,Temur Roar,https://moxfield.com/decks/sDazpxFOb0S9IAdQSA_7lg,https://moxfield.com/decks/sao-2xrGqUCIfv46edPgmw,Counter Blitz,Temur Roar,Counter Blitz,Temur Roar,Final Fantasy,Tarkir Dragonstorm,manual,0,0
liga-2x2-presencial-s1-e06,Liga 2x2 presencial S1-E06,2026-03-07,2026-03,Metusa e Rudi,Metusa & Rudzzt,metusa & rudzzt,Metusa,Rudzzt,Scions & Spellcraft,Jump Scare!,https://moxfield.com/decks/r_IFt9Gc3UqaULfoAEjVvg,https://moxfield.com/decks/XzGgdXc-TE-qFr4lzmGl6Q,Scions & Spellcraft,Jump Scare!,Scions & Spellcraft,Jump Scare!,Final Fantasy,Duskmourn: House of Horror,manual,0,0
liga-2x2-presencial-s1-e06,Liga 2x2 presencial S1-E06,2026-03-07,2026-03,Nobru e tarik,Nobru & Tarik,nobru & tarik,Nobru,Tarik,Turtle Power!,Counter Blitz,https://moxfield.com/decks/igKb7qATmkmYaX3M7hB4Sg,https://moxfield.com/decks/sDazpxFOb0S9IAdQSA_7lg,Turtle Power!,Counter Blitz,Turtle Power!,Counter Blitz,Teenage Mutant Ninja Turtles,Final Fantasy,manual,0,0
liga-2x2-presencial-s1-e07,Liga 2x2 presencial S1-E07,2026-03-14,2026-03,Bauer & Kennao,Bauer & Kennao,bauer & kennao,Bauer,Kennao,Linhagem Vampírica,Temur Roar,https://moxfield.com/decks/HIWLDPN2Bkyz9vSAl8rDmQ,https://moxfield.com/decks/sao-2xrGqUCIfv46edPgmw,Linhagem Vampírica,Temur Roar,Vampiric Bloodline,Temur Roar,Innistrad: Crimson Vow,Tarkir Dragonstorm,manual,0,0
liga-2x2-presencial-s1-e07,Liga 2x2 presencial S1-E07,2026-03-14,2026-03,Melke & Gustavo Dias,Gustavo Dias & Melk,gustavo dias & melk,Melk,Gustavo Dias,Counter Blitz,Squirreled Away,https://moxfield.com/decks/sDazpxFOb0S9IAdQSA_7lg,https://moxfield.com/decks/4xEJiagwvEGelJy9ojLtZA,Counter Blitz,Squirreled Away,Counter Blitz,Squirreled Away,Final Fantasy,Bloomburrow,manual,0,0
liga-2x2-presencial-s1-e07,Liga 2x2 presencial S1-E07,2026-03-14,2026-03,Jorel & Martin,Jorel & Martin,jorel & martin,Jorel,Martin,Turtle Power!,Jeskai Striker,https://moxfield.com/decks/igKb7qATmkmYaX3M7hB4Sg,https://moxfield.com/decks/GqSQ24NIJkq-144dkab-HQ,Turtle Power!,Jeskai Striker,Turtle Power!,Jeskai Striker,Teenage Mutant Ninja Turtles,Tarkir Dragonstorm,manual,0,0
liga-2x2-presencial-s1-e07,Liga 2x2 presencial S1-E07,2026-03-14,2026-03,Langa & Murilo Ferreira,Langa & Murilo Ferreira,langa & murilo ferreira,Langa,Murilo Ferreira,Turtle Power!,Içar Velas,https://moxfield.com/decks/igKb7qATmkmYaX3M7hB4Sg,https://moxfield.com/decks/2wB6WsbRwU-ZdNlWHu6VKg,Turtle Power!,Içar Velas,Turtle Power!,Ahoy Mateys,Teenage Mutant Ninja Turtles,The Lost Caverns of Ixalan,manual,0,0
liga-2x2-presencial-s1-e07,Liga 2x2 presencial S1-E07,2026-03-14,2026-03,Theo & Leonardo,Leonardo & Theo,leonardo & theo,Theo,Leonardo,Turtle Power!,Temur Roar,https://moxfield.com/decks/igKb7qATmkmYaX3M7hB4Sg,https://moxfield.com/decks/sao-2xrGqUCIfv46edPgmw,Turtle Power!,Temur Roar,Turtle Power!,Temur Roar,Teenage Mutant Ninja Turtles,Tarkir Dragonstorm,manual,0,0
liga-2x2-presencial-s1-e07,Liga 2x2 presencial S1-E07,2026-03-14,2026-03,Matheus Assis & Luciano,Luciano & Matheus,luciano & matheus,Matheus,Luciano,Domínio das Fadinas,Limit Break,https://moxfield.com/decks/ErDyBjAnKE6l5TqX6wMxdg,https://moxfield.com/decks/pTUR6p0yNkOoxDNqo8TMEw,Domínio das Fadinas,Limit Break,Fae Dominion,Limit Break,Wilds of Eldraine,Final Fantasy,manual,0,0
liga-2x2-presencial-s1-e07,Liga 2x2 presencial S1-E07,2026-03-14,2026-03,Rudzzt & Metusa,Metusa & Rudzzt,metusa & rudzzt,Rudzzt,Metusa,Scions & Spellcraft,Jump Scare!,https://moxfield.com/decks/r_IFt9Gc3UqaULfoAEjVvg,https://moxfield.com/decks/XzGgdXc-TE-qFr4lzmGl6Q,Scions & Spellcraft,Jump Scare!,Scions & Spellcraft,Jump Scare!,Final Fantasy,Duskmourn: House of Horror,manual,0,0
liga-2x2-presencial-s1-e07,Liga 2x2 presencial S1-E07,2026-03-14,2026-03,Nobru & Nicolas,Nicolas & Nobru,nicolas & nobru,Nobru,Nicolas,Içar Velas,Sultai Arisen,https://moxfield.com/decks/2wB6WsbRwU-ZdNlWHu6VKg,https://moxfield.com/decks/puUUlzKNckGa-UnaRQSbxw,Içar Velas,Sultai Arisen,Ahoy Mateys,Sultai Arisen,The Lost Caverns of Ixalan,Tarkir Dragonstorm,manual,0,0
liga-2x2-presencial-s1-e08,Liga 2x2 presencial S1-E08,2026-03-21,2026-03,Banshee & Gabi,Banshee & Gabi,banshee & gabi,Banshee,Gabi,Blast from the Past,Squirreled Away,https://moxfield.com/decks/DrrgKpdOf0mmfCVUIyraLw,https://moxfield.com/decks/4xEJiagwvEGelJy9ojLtZA,Blast from the Past,Squirreled Away,Blast from the Past,Squirreled Away,Doctor Who,Bloomburrow,manual,0,0
liga-2x2-presencial-s1-e08,Liga 2x2 presencial S1-E08,2026-03-21,2026-03,Nobru & Guga,Guga & Nobru,guga & nobru,Nobru,Guga,Içar Velas,Squirreled Away,https://moxfield.com/decks/2wB6WsbRwU-ZdNlWHu6VKg,https://moxfield.com/decks/4xEJiagwvEGelJy9ojLtZA,Içar Velas,Squirreled Away,Ahoy Mateys,Squirreled Away,The Lost Caverns of Ixalan,Bloomburrow,manual,0,0
liga-2x2-presencial-s1-e08,Liga 2x2 presencial S1-E08,2026-03-21,2026-03,Martin & Jorel,Jorel & Martin,jorel & martin,Martin,Jorel,Turtle Power!,Jeskai Striker,https://moxfield.com/decks/igKb7qATmkmYaX3M7hB4Sg,https://moxfield.com/decks/GqSQ24NIJkq-144dkab-HQ,Turtle Power!,Jeskai Striker,Turtle Power!,Jeskai Striker,Teenage Mutant Ninja Turtles,Tarkir Dragonstorm,manual,0,0
liga-2x2-presencial-s1-e08,Liga 2x2 presencial S1-E08,2026-03-21,2026-03,Manfrinato & Melissa,Manfrinato & Melissa,manfrinato & melissa,Manfrinato,Melissa,Comida e Sociedade,Cavaleiros de Rohan,https://moxfield.com/decks/KOqweQdLSUSWGxKHtyy95Q,https://moxfield.com/decks/hi-cA6GBykKPYJ9xW0g_KQ,Comida e Sociedade,Cavaleiros de Rohan,Food and Fellowship,Riders of Rohan,The Lord Of The Rings: Tales Of Middle-Earth,The Lord Of The Rings: Tales Of Middle-Earth,manual,0,0
liga-2x2-presencial-s1-e08,Liga 2x2 presencial S1-E08,2026-03-21,2026-03,Matheus & Murilo,Matheus & Murilo,matheus & murilo,Matheus,Murilo,Turtle Power!,Scions & Spellcraft,https://moxfield.com/decks/igKb7qATmkmYaX3M7hB4Sg,https://moxfield.com/decks/r_IFt9Gc3UqaULfoAEjVvg,Turtle Power!,Scions & Spellcraft,Turtle Power!,Scions & Spellcraft,Teenage Mutant Ninja Turtles,Final Fantasy,manual,0,0
liga-2x2-presencial-s1-e08,Liga 2x2 presencial S1-E08,2026-03-21,2026-03,Melke & Sônia,Melk & Sônia,melk & sonia,Melk,Sônia,Abzan Armor,Veloci-E-Rápido,https://moxfield.com/decks/hdTiRiY5IEyCJFL2BR8cyg,https://moxfield.com/decks/KcPWaLquLkmIOy3XsFHTqQ,Abzan Armor,Veloci-E-Rápido,Abzan Armor,Veloci-Ramp-Tor,Tarkir Dragonstorm,The Lost Caverns of Ixalan,manual,0,0
liga-2x2-presencial-s1-e08,Liga 2x2 presencial S1-E08,2026-03-21,2026-03,Rudzzt & Metusa,Metusa & Rudzzt,metusa & rudzzt,Rudzzt,Metusa,Scions & Spellcraft,Jump Scare!,https://moxfield.com/decks/r_IFt9Gc3UqaULfoAEjVvg,https://moxfield.com/decks/XzGgdXc-TE-qFr4lzmGl6Q,Scions & Spellcraft,Jump Scare!,Scions & Spellcraft,Jump Scare!,Final Fantasy,Duskmourn: House of Horror,manual,0,0
liga-2x2-presencial-s1-e08,Liga 2x2 presencial S1-E08,2026-03-21,2026-03,Zangalli & Vina,Vina & Zangalli,vina & zangalli,Zangalli,Vina,Endless Punishment,Scions & Spellcraft,https://moxfield.com/decks/eg5J71BzAU-yctY6lRn12Q,https://moxfield.com/decks/r_IFt9Gc3UqaULfoAEjVvg,Endless Punishment,Scions & Spellcraft,Endless Punishment,Scions & Spellcraft,Duskmourn: House of Horror,Final Fantasy,manual,0,0
liga-2x2-presencial-s1-e09,Liga 2x2 presencial S1-E09,2026-03-28,2026-03,Oscar & Anthony,Anthony & Oscar,anthony & oscar,Oscar,Anthony,Domínio das Fadinas,Exploradores das Profundezas,https://moxfield.com/decks/ErDyBjAnKE6l5TqX6wMxdg,https://moxfield.com/decks/SvrXYfEIn0q5EprNPf0mqQ,Domínio das Fadinas,Exploradores das Profundezas,Fae Dominion,Explorers of the Deep,Wilds of Eldraine,The Lost Caverns of Ixalan,manual,0,0
liga-2x2-presencial-s1-e09,Liga 2x2 presencial S1-E09,2026-03-28,2026-03,Murilo Oyafuso & Castanhari,Arthur Castanhari & Murilo Oyafuso,arthur castanhari & murilo oyafuso,Murilo Oyafuso,Arthur Castanhari,World Shaper,Turtle Power!,https://moxfield.com/decks/n04yWsMGvUCmMQ8ImxJ_0A,https://moxfield.com/decks/igKb7qATmkmYaX3M7hB4Sg,World Shaper,Turtle Power!,World Shaper,Turtle Power!,Edge of Eternities,Teenage Mutant Ninja Turtles,manual,0,0
liga-2x2-presencial-s1-e09,Liga 2x2 presencial S1-E09,2026-03-28,2026-03,Martin & Jorel,Jorel & Martin,jorel & martin,Martin,Jorel,Turtle Power!,Counter Blitz,https://moxfield.com/decks/igKb7qATmkmYaX3M7hB4Sg,https://moxfield.com/decks/sDazpxFOb0S9IAdQSA_7lg,Turtle Power!,Counter Blitz,Turtle Power!,Counter Blitz,Teenage Mutant Ninja Turtles,Final Fantasy,manual,0,0
liga-2x2-presencial-s1-e09,Liga 2x2 presencial S1-E09,2026-03-28,2026-03,Matheus & Romano,Matheus & Romano,matheus & romano,Matheus,Romano,,,,,,,,,,,manual,0,1
liga-2x2-presencial-s1-e09,Liga 2x2 presencial S1-E09,2026-03-28,2026-03,Metusa & Rud,Metusa & Rudzzt,metusa & rudzzt,Metusa,Rudzzt,Exploradores das Profundezas,Quandrix Quântica,https://moxfield.com/decks/SvrXYfEIn0q5EprNPf0mqQ,https://moxfield.com/decks/PZE0uF5pckKFccZKFvp1mg,Exploradores das Profundezas,Quandrix Quântica,Explorers of the Deep,Quantum Quandrix,The Lost Caverns of Ixalan,Commander 2021 - Strixhaven,manual,0,0
liga-2x2-presencial-s2-e1,Liga 2x2 presencial S2-E1,2026-04-04,2026-04,Theo e André,André & Theo,andre & theo,Theo,André,Creative Energy,World Shaper,https://moxfield.com/decks/V896XG46-kuKTCBXImt5Cg,https://moxfield.com/decks/n04yWsMGvUCmMQ8ImxJ_0A,Creative Energy,World Shaper,Creative Energy,World Shaper,Modern Horizons 3,Edge of Eternities,manual,0,0
liga-2x2-presencial-s2-e1,Liga 2x2 presencial S2-E1,2026-04-04,2026-04,Berka e Nobru,Berka & Nobru,berka & nobru,Berka,Nobru,Death Toll,Turtle Power!,https://moxfield.com/decks/IYNgcuHZQk2WJeZMJw0t7Q,https://moxfield.com/decks/igKb7qATmkmYaX3M7hB4Sg,Death Toll,Turtle Power!,Death Toll,Turtle Power!,Duskmourn: House of Horror,Teenage Mutant Ninja Turtles,manual,0,0
liga-2x2-presencial-s2-e1,Liga 2x2 presencial S2-E1,2026-04-04,2026-04,Zangalli e Cheury,Cheury & Zangalli,cheury & zangalli,Zangalli,Cheury,Dance of the Elements,Endless Punishment,https://moxfield.com/decks/Z9GXwZyiKkOfR3O5m1rEkw,https://moxfield.com/decks/eg5J71BzAU-yctY6lRn12Q,Dance of the Elements,Endless Punishment,Dance of the Elements,Endless Punishment,Lorwyn Eclipsed,Duskmourn: House of Horror,manual,0,0
liga-2x2-presencial-s2-e1,Liga 2x2 presencial S2-E1,2026-04-04,2026-04,Matheus e Johann,Johann & Matheus,johann & matheus,Matheus,Johann,Domínio das Fadinas,Veloci-E-Rápido,https://moxfield.com/decks/ErDyBjAnKE6l5TqX6wMxdg,https://moxfield.com/decks/KcPWaLquLkmIOy3XsFHTqQ,Domínio das Fadinas,Veloci-E-Rápido,Fae Dominion,Veloci-Ramp-Tor,Wilds of Eldraine,The Lost Caverns of Ixalan,manual,0,0
liga-2x2-presencial-s2-e1,Liga 2x2 presencial S2-E1,2026-04-04,2026-04,Jorel e Martin,Jorel & Martin,jorel & martin,Jorel,Martin,Turtle Power!,Counter Blitz,https://moxfield.com/decks/igKb7qATmkmYaX3M7hB4Sg,https://moxfield.com/decks/sDazpxFOb0S9IAdQSA_7lg,Turtle Power!,Counter Blitz,Turtle Power!,Counter Blitz,Teenage Mutant Ninja Turtles,Final Fantasy,manual,0,0
liga-2x2-presencial-s2-e1,Liga 2x2 presencial S2-E1,2026-04-04,2026-04,Melk e Sônia,Melk & Sônia,melk & sonia,Melk,Sônia,Veloci-E-Rápido,Jeskai Striker,https://moxfield.com/decks/KcPWaLquLkmIOy3XsFHTqQ,https://moxfield.com/decks/GqSQ24NIJkq-144dkab-HQ,Veloci-E-Rápido,Jeskai Striker,Veloci-Ramp-Tor,Jeskai Striker,The Lost Caverns of Ixalan,Tarkir Dragonstorm,manual,0,0
liga-2x2-presencial-s2-e1,Liga 2x2 presencial S2-E1,2026-04-04,2026-04,Metusalem e Ruddzt,Metusa & Rudzzt,metusa & rudzzt,Metusa,Rudzzt,Mediadores Engalanados,Counter Blitz,https://moxfield.com/decks/dUg9kVt-yUC-J4rRanRBbA,https://moxfield.com/decks/sDazpxFOb0S9IAdQSA_7lg,Mediadores Engalanados,Counter Blitz,Bedecked Brokers,Counter Blitz,Streets of New Capenna,Final Fantasy,manual,0,0
liga-2x2-presencial-s2-e1,Liga 2x2 presencial S2-E1,2026-04-04,2026-04,Oscar e Vini,Oscar & Vini,oscar & vini,Oscar,Vini,Temur Roar,Veloci-E-Rápido,https://moxfield.com/decks/sao-2xrGqUCIfv46edPgmw,https://moxfield.com/decks/KcPWaLquLkmIOy3XsFHTqQ,Temur Roar,Veloci-E-Rápido,Temur Roar,Veloci-Ramp-Tor,Tarkir Dragonstorm,The Lost Caverns of Ixalan,manual,0,0
liga-2x2-presencial-s2-e2,Liga 2x2 presencial S2-E2,2026-04-11,2026-04,André & Matheus,André & Matheus,andre & matheus,André,Matheus,Creative Energy,Cavaleiros de Rohan,https://moxfield.com/decks/V896XG46-kuKTCBXImt5Cg,https://moxfield.com/decks/hi-cA6GBykKPYJ9xW0g_KQ,Creative Energy,Cavaleiros de Rohan,Creative Energy,Riders of Rohan,Modern Horizons 3,The Lord Of The Rings: Tales Of Middle-Earth,manual,0,0
liga-2x2-presencial-s2-e2,Liga 2x2 presencial S2-E2,2026-04-11,2026-04,Murilo Oyafuso & Arthur Castanhari,Arthur Castanhari & Murilo Oyafuso,arthur castanhari & murilo oyafuso,Murilo Oyafuso,Arthur Castanhari,Scions & Spellcraft,Cacofonia dos Cabaretti,https://moxfield.com/decks/r_IFt9Gc3UqaULfoAEjVvg,https://moxfield.com/decks/GyEvLRf31UqSk08E5aM4AA,Scions & Spellcraft,Cacofonia dos Cabaretti,Scions & Spellcraft,Cabaretti Cacophony,Final Fantasy,Streets of New Capenna,manual,0,0
liga-2x2-presencial-s2-e2,Liga 2x2 presencial S2-E2,2026-04-11,2026-04,Carlos Kit & Gustavo Dias,Carlos Kit & Gustavo Dias,carlos kit & gustavo dias,Carlos Kit,Gustavo Dias,Angels: They're Just Like Us but Cooler and With Wings,Temur Roar,https://moxfield.com/decks/Q3Wn5qhG0UWFaGIYEpmRjQ,https://moxfield.com/decks/sao-2xrGqUCIfv46edPgmw,Angels: They're Just Like Us but Cooler and With Wings,Temur Roar,Angels: They're Just Like Us but Cooler and With Wings,Temur Roar,Secret Lair Commander Deck,Tarkir Dragonstorm,manual,0,0
liga-2x2-presencial-s2-e2,Liga 2x2 presencial S2-E2,2026-04-11,2026-04,Eduardo & Luís Zangalli,Eduardo & Luís Zangalli,eduardo & luis zangalli,Eduardo,Luís Zangalli,,,,,,,,,,,manual,0,1
liga-2x2-presencial-s2-e2,Liga 2x2 presencial S2-E2,2026-04-11,2026-04,Ewerson & Gabriel,Ewerson & Gabriel,ewerson & gabriel,Ewerson,Gabriel,,,,,,,,,,,manual,0,1
liga-2x2-presencial-s2-e2,Liga 2x2 presencial S2-E2,2026-04-11,2026-04,Jorel & Martin,Jorel & Martin,jorel & martin,Jorel,Martin,Turtle Power!,Counter Blitz,https://moxfield.com/decks/igKb7qATmkmYaX3M7hB4Sg,https://moxfield.com/decks/sDazpxFOb0S9IAdQSA_7lg,Turtle Power!,Counter Blitz,Turtle Power!,Counter Blitz,Teenage Mutant Ninja Turtles,Final Fantasy,manual,0,0
liga-2x2-presencial-s2-e2,Liga 2x2 presencial S2-E2,2026-04-11,2026-04,Nobru & Melk,Melk & Nobru,melk & nobru,Nobru,Melk,Devorarrrdores de Mentes,,https://moxfield.com/decks/fmt6yaMreU2LXsLELVt7xw,,Devorarrrdores de Mentes,,Mind Flayarrrs,,Commander Legends: Battle for Baldur's Gate,,manual,0,1
liga-2x2-presencial-s2-e2,Liga 2x2 presencial S2-E2,2026-04-11,2026-04,Metusalem & Ruddzt,Metusa & Rudzzt,metusa & rudzzt,Metusa,Rudzzt,Quandrix Quântica,Jump Scare!,https://moxfield.com/decks/PZE0uF5pckKFccZKFvp1mg,https://moxfield.com/decks/XzGgdXc-TE-qFr4lzmGl6Q,Quandrix Quântica,Jump Scare!,Quantum Quandrix,Jump Scare!,Commander 2021 - Strixhaven,Duskmourn: House of Horror,manual,0,0
liga-2x2-presencial-s2-e2,Liga 2x2 presencial S2-E2,2026-04-11,2026-04,Oscar & Vini,Oscar & Vini,oscar & vini,Oscar,Vini,Temur Roar,Veloci-E-Rápido,https://moxfield.com/decks/sao-2xrGqUCIfv46edPgmw,https://moxfield.com/decks/KcPWaLquLkmIOy3XsFHTqQ,Temur Roar,Veloci-E-Rápido,Temur Roar,Veloci-Ramp-Tor,Tarkir Dragonstorm,The Lost Caverns of Ixalan,manual,0,0
liga-2x2-presencial-s2-e3,Liga 2x2 presencial S2-E3,2026-04-25,2026-04,Martin & Banshee,Banshee & Martin,banshee & martin,Martin,Banshee,Lorehold Spirit,Prismari Artistry,https://moxfield.com/decks/u6bBAgiZn0aXxjms4_-J9A,https://moxfield.com/decks/Fh99bHrQZ0KLu34C2JXu5w,Lorehold Spirit,Prismari Artistry,Lorehold Spirit,Prismari Artistry,Secrets of Strixhaven,Secrets of Strixhaven,manual,0,0
liga-2x2-presencial-s2-e3,Liga 2x2 presencial S2-E3,2026-04-25,2026-04,Fabi & João Marmentini,Fabi & João Marmentini,fabi & joao marmentini,Fabi,João Marmentini,Virtude e Valor,Squirreled Away,https://moxfield.com/decks/Oo_99oH5K0ifS25Wzu5qLw,https://moxfield.com/decks/4xEJiagwvEGelJy9ojLtZA,Virtude e Valor,Squirreled Away,Virtue and Valor,Squirreled Away,Wilds of Eldraine,Bloomburrow,manual,0,0
liga-2x2-presencial-s2-e3,Liga 2x2 presencial S2-E3,2026-04-25,2026-04,Furiatti & Nakamura,Furiatti & Nakamura,furiatti & nakamura,Furiatti,Nakamura,Domínio das Fadinas,Virtude e Valor,https://moxfield.com/decks/ErDyBjAnKE6l5TqX6wMxdg,https://moxfield.com/decks/Oo_99oH5K0ifS25Wzu5qLw,Domínio das Fadinas,Virtude e Valor,Fae Dominion,Virtue and Valor,Wilds of Eldraine,Wilds of Eldraine,manual,0,0
liga-2x2-presencial-s2-e3,Liga 2x2 presencial S2-E3,2026-04-25,2026-04,Gustavo dias & Gustavo taverna,Gustavo Dias & Gustavo taverna,gustavo dias & gustavo taverna,Gustavo Dias,Gustavo taverna,,,,,,,,,,,manual,0,1
liga-2x2-presencial-s2-e3,Liga 2x2 presencial S2-E3,2026-04-25,2026-04,Romano & Matheus,Matheus & Romano,matheus & romano,Romano,Matheus,Quandrix Unlimited,Silverquill Influence,https://moxfield.com/decks/ht3IDMDxnU2VOMi7MAhtFg,https://moxfield.com/decks/g9rcUGSiR02aO2Ozof0rNA,Quandrix Unlimited,Silverquill Influence,Quandrix Unlimited,Silverquill Influence,Secrets of Strixhaven,Secrets of Strixhaven,manual,0,0
liga-2x2-presencial-s2-e3,Liga 2x2 presencial S2-E3,2026-04-25,2026-04,Sonia & Melk,Melk & Sônia,melk & sonia,Sônia,Melk,Family Matters,Veloci-E-Rápido,https://moxfield.com/decks/c6jPOurIekil4dXtwVWq8w,https://moxfield.com/decks/KcPWaLquLkmIOy3XsFHTqQ,Family Matters,Veloci-E-Rápido,Family Matters,Veloci-Ramp-Tor,Bloomburrow,The Lost Caverns of Ixalan,manual,0,0
liga-2x2-presencial-s2-e3,Liga 2x2 presencial S2-E3,2026-04-25,2026-04,Metusa & Ruddzt,Metusa & Rudzzt,metusa & rudzzt,Metusa,Rudzzt,Quandrix Unlimited,Quandrix Quântica,https://moxfield.com/decks/ht3IDMDxnU2VOMi7MAhtFg,https://moxfield.com/decks/PZE0uF5pckKFccZKFvp1mg,Quandrix Unlimited,Quandrix Quântica,Quandrix Unlimited,Quantum Quandrix,Secrets of Strixhaven,Commander 2021 - Strixhaven,manual,0,0
liga-2x2-presencial-s2-e3,Liga 2x2 presencial S2-E3,2026-04-25,2026-04,Oscar & Vini,Oscar & Vini,oscar & vini,Oscar,Vini,Endless Punishment,Veloci-E-Rápido,https://moxfield.com/decks/eg5J71BzAU-yctY6lRn12Q,https://moxfield.com/decks/KcPWaLquLkmIOy3XsFHTqQ,Endless Punishment,Veloci-E-Rápido,Endless Punishment,Veloci-Ramp-Tor,Duskmourn: House of Horror,The Lost Caverns of Ixalan,manual,0,0
liga-2x2-presencial-s2-e4,Liga 2x2 presencial S2-E4,2026-05-02,2026-05,Murilo Oyafuso & Arthur Castanhari,Arthur Castanhari & Murilo Oyafuso,arthur castanhari & murilo oyafuso,Murilo Oyafuso,Arthur Castanhari,Quandrix Unlimited,Silverquill Influence,https://moxfield.com/decks/ht3IDMDxnU2VOMi7MAhtFg,https://moxfield.com/decks/g9rcUGSiR02aO2Ozof0rNA,Quandrix Unlimited,Silverquill Influence,Quandrix Unlimited,Silverquill Influence,Secrets of Strixhaven,Secrets of Strixhaven,manual,0,0
liga-2x2-presencial-s2-e4,Liga 2x2 presencial S2-E4,2026-05-02,2026-05,Jorel & Banshee,Banshee & Jorel,banshee & jorel,Jorel,Banshee,Witherbloom Pestilence,World Shaper,https://moxfield.com/decks/AfG94iTx-UeG0L1wvTfSug,https://moxfield.com/decks/n04yWsMGvUCmMQ8ImxJ_0A,Witherbloom Pestilence,World Shaper,Witherbloom Pestilence,World Shaper,Secrets of Strixhaven,Edge of Eternities,manual,0,0
liga-2x2-presencial-s2-e4,Liga 2x2 presencial S2-E4,2026-05-02,2026-05,Matheus & Beck,Beck & Matheus,beck & matheus,Matheus,Beck,Domínio das Fadinas,Içar Velas,https://moxfield.com/decks/ErDyBjAnKE6l5TqX6wMxdg,https://moxfield.com/decks/2wB6WsbRwU-ZdNlWHu6VKg,Domínio das Fadinas,Içar Velas,Fae Dominion,Ahoy Mateys,Wilds of Eldraine,The Lost Caverns of Ixalan,manual,0,0
liga-2x2-presencial-s2-e4,Liga 2x2 presencial S2-E4,2026-05-02,2026-05,Melk & Sonia,Melk & Sônia,melk & sonia,Melk,Sônia,Mishra's Burnished Banner,Veloci-E-Rápido,https://moxfield.com/decks/cVYq14CAiU-CwDR0rmdQkw,https://moxfield.com/decks/KcPWaLquLkmIOy3XsFHTqQ,Mishra's Burnished Banner,Veloci-E-Rápido,Mishra's Burnished Banner,Veloci-Ramp-Tor,The Brothers' War,The Lost Caverns of Ixalan,manual,0,0
liga-2x2-presencial-s2-e4,Liga 2x2 presencial S2-E4,2026-05-02,2026-05,Metusa & Ruddzt,Metusa & Rudzzt,metusa & rudzzt,Metusa,Rudzzt,Sabedoria Eterna,Fúria Dracônica,https://moxfield.com/decks/mlElAIMD4EazCpFh8osZaw,https://moxfield.com/decks/P1mqDaduQ02OuUWm_8rb4Q,Sabedoria Eterna,Fúria Dracônica,Timeless Wisdom,Draconic Rage,Commander 2020 - Ikoria,Dungeons and Dragons: Adventures in the Forgotten Realms,manual,0,0
liga-2x2-presencial-s2-e4,Liga 2x2 presencial S2-E4,2026-05-02,2026-05,Oscar & Vini,Oscar & Vini,oscar & vini,Oscar,Vini,Witherbloom Pestilence,Veloci-E-Rápido,https://moxfield.com/decks/AfG94iTx-UeG0L1wvTfSug,https://moxfield.com/decks/KcPWaLquLkmIOy3XsFHTqQ,Witherbloom Pestilence,Veloci-E-Rápido,Witherbloom Pestilence,Veloci-Ramp-Tor,Secrets of Strixhaven,The Lost Caverns of Ixalan,manual,0,0
liga-2x2-presencial-s2-e5,Liga 2x2 presencial S2-E5,2026-05-09,2026-05,André & Matheus,André & Matheus,andre & matheus,André,Matheus,Quandrix Unlimited,Geração de Letalidade,https://moxfield.com/decks/ht3IDMDxnU2VOMi7MAhtFg,https://moxfield.com/decks/rnkRQ7yt1EKD4pSVBEQX7w,Quandrix Unlimited,Geração de Letalidade,Quandrix Unlimited,Breed Lethality,Secrets of Strixhaven,Commander 2016,manual,0,0
liga-2x2-presencial-s2-e5,Liga 2x2 presencial S2-E5,2026-05-09,2026-05,Murilo & Arthur,Arthur Castanhari & Murilo Oyafuso,arthur castanhari & murilo oyafuso,Murilo Oyafuso,Arthur Castanhari,Silverquill Influence,Turtle Power!,https://moxfield.com/decks/g9rcUGSiR02aO2Ozof0rNA,https://moxfield.com/decks/igKb7qATmkmYaX3M7hB4Sg,Silverquill Influence,Turtle Power!,Silverquill Influence,Turtle Power!,Secrets of Strixhaven,Teenage Mutant Ninja Turtles,manual,0,0
liga-2x2-presencial-s2-e5,Liga 2x2 presencial S2-E5,2026-05-09,2026-05,Banshee & Ruanito,Banshee & Ruanito,banshee & ruanito,Banshee,Ruanito,Prismari Artistry,Turtle Power!,https://moxfield.com/decks/Fh99bHrQZ0KLu34C2JXu5w,https://moxfield.com/decks/igKb7qATmkmYaX3M7hB4Sg,Prismari Artistry,Turtle Power!,Prismari Artistry,Turtle Power!,Secrets of Strixhaven,Teenage Mutant Ninja Turtles,manual,0,0
liga-2x2-presencial-s2-e5,Liga 2x2 presencial S2-E5,2026-05-09,2026-05,Beck & Gus,Beck & Gus,beck & gus,Beck,Gus,Mortos-Vivos Desenfreados,Içar Velas,https://moxfield.com/decks/3kHIg4HG_U29DRdIPiF7ww,https://moxfield.com/decks/2wB6WsbRwU-ZdNlWHu6VKg,Mortos-Vivos Desenfreados,Içar Velas,Undeade Unleashed,Ahoy Mateys,Innistrad: Midnight Hunt,The Lost Caverns of Ixalan,manual,0,0
liga-2x2-presencial-s2-e5,Liga 2x2 presencial S2-E5,2026-05-09,2026-05,Zangalli & Clausius,Clausius & Zangalli,clausius & zangalli,Zangalli,Clausius,Exploradores das Profundezas,Prismari Artistry,https://moxfield.com/decks/SvrXYfEIn0q5EprNPf0mqQ,https://moxfield.com/decks/Fh99bHrQZ0KLu34C2JXu5w,Exploradores das Profundezas,Prismari Artistry,Explorers of the Deep,Prismari Artistry,The Lost Caverns of Ixalan,Secrets of Strixhaven,manual,0,0
liga-2x2-presencial-s2-e5,Liga 2x2 presencial S2-E5,2026-05-09,2026-05,Jorel & Martin,Jorel & Martin,jorel & martin,Jorel,Martin,Quandrix Unlimited,Lorehold Spirit,https://moxfield.com/decks/ht3IDMDxnU2VOMi7MAhtFg,https://moxfield.com/decks/u6bBAgiZn0aXxjms4_-J9A,Quandrix Unlimited,Lorehold Spirit,Quandrix Unlimited,Lorehold Spirit,Secrets of Strixhaven,Secrets of Strixhaven,manual,0,0
liga-2x2-presencial-s2-e5,Liga 2x2 presencial S2-E5,2026-05-09,2026-05,Melk & Sonia,Melk & Sônia,melk & sonia,Melk,Sônia,Scions & Spellcraft,Veloci-E-Rápido,https://moxfield.com/decks/r_IFt9Gc3UqaULfoAEjVvg,https://moxfield.com/decks/KcPWaLquLkmIOy3XsFHTqQ,Scions & Spellcraft,Veloci-E-Rápido,Scions & Spellcraft,Veloci-Ramp-Tor,Final Fantasy,The Lost Caverns of Ixalan,manual,0,0
liga-2x2-presencial-s2-e5,Liga 2x2 presencial S2-E5,2026-05-09,2026-05,Metusa & Ruddzt,Metusa & Rudzzt,metusa & rudzzt,Metusa,Rudzzt,Sabedoria Eterna,Counter Blitz,https://moxfield.com/decks/mlElAIMD4EazCpFh8osZaw,https://moxfield.com/decks/sDazpxFOb0S9IAdQSA_7lg,Sabedoria Eterna,Counter Blitz,Timeless Wisdom,Counter Blitz,Commander 2020 - Ikoria,Final Fantasy,manual,0,0
liga-2x2-presencial-s2-e5,Liga 2x2 presencial S2-E5,2026-05-09,2026-05,Rogério & Nathan,Nathan & Rogério,nathan & rogerio,Rogério,Nathan,Içar Velas,Lorehold Spirit,https://moxfield.com/decks/2wB6WsbRwU-ZdNlWHu6VKg,https://moxfield.com/decks/u6bBAgiZn0aXxjms4_-J9A,Içar Velas,Lorehold Spirit,Ahoy Mateys,Lorehold Spirit,The Lost Caverns of Ixalan,Secrets of Strixhaven,manual,0,0
liga-2x2-presencial-s2-e6,Liga 2x2 presencial S2-E6,2026-05-16,2026-05,Andre & Matheus// Urza's Iron Alliance & Sneak Attack,André & Matheus,andre & matheus,André,Matheus,Urza's Iron Alliance,Ataque Surpresa,https://moxfield.com/decks/DZiH6rz0tEq2SnaqbKt1CQ,https://moxfield.com/decks/RzsmVOnyREuqPhNrhrA-ow,Urza's Iron Alliance,Ataque Surpresa,Urza's Iron Alliance,Sneak Attack,The Brothers' War,Zendikar Rising,manual,0,0
liga-2x2-presencial-s2-e6,Liga 2x2 presencial S2-E6,2026-05-16,2026-05,Arthur & Oyafuso / Counter blitz & Silverquill influence,Arthur Castanhari & Murilo Oyafuso,arthur castanhari & murilo oyafuso,Arthur Castanhari,Murilo Oyafuso,Counter Blitz,Silverquill Influence,https://moxfield.com/decks/sDazpxFOb0S9IAdQSA_7lg,https://moxfield.com/decks/g9rcUGSiR02aO2Ozof0rNA,Counter Blitz,Silverquill Influence,Counter Blitz,Silverquill Influence,Final Fantasy,Secrets of Strixhaven,manual,0,0
liga-2x2-presencial-s2-e6,Liga 2x2 presencial S2-E6,2026-05-16,2026-05,Martin & Banshee / Lorehold Spirit & Turtle Power,Banshee & Martin,banshee & martin,Martin,Banshee,Lorehold Spirit,Turtle Power!,https://moxfield.com/decks/u6bBAgiZn0aXxjms4_-J9A,https://moxfield.com/decks/igKb7qATmkmYaX3M7hB4Sg,Lorehold Spirit,Turtle Power!,Lorehold Spirit,Turtle Power!,Secrets of Strixhaven,Teenage Mutant Ninja Turtles,manual,0,0
liga-2x2-presencial-s2-e6,Liga 2x2 presencial S2-E6,2026-05-16,2026-05,Berka & Du / Endless punishment & Silverquill Influence,Berka & Du,berka & du,Berka,Du,Endless Punishment,Silverquill Influence,https://moxfield.com/decks/eg5J71BzAU-yctY6lRn12Q,https://moxfield.com/decks/g9rcUGSiR02aO2Ozof0rNA,Endless Punishment,Silverquill Influence,Endless Punishment,Silverquill Influence,Duskmourn: House of Horror,Secrets of Strixhaven,manual,0,0
liga-2x2-presencial-s2-e6,Liga 2x2 presencial S2-E6,2026-05-16,2026-05,Nathan & Coelho / Ahoy Mateis & Scions and Spellscraft,Coelho & Nathan,coelho & nathan,Nathan,Coelho,Içar Velas,Scions & Spellcraft,https://moxfield.com/decks/2wB6WsbRwU-ZdNlWHu6VKg,https://moxfield.com/decks/r_IFt9Gc3UqaULfoAEjVvg,Içar Velas,Scions & Spellcraft,Ahoy Mateys,Scions & Spellcraft,The Lost Caverns of Ixalan,Final Fantasy,manual,0,0
liga-2x2-presencial-s2-e6,Liga 2x2 presencial S2-E6,2026-05-16,2026-05,Gustavo Dias & Luciano / Quandrix Unlimited & Prismari Artistry,Gustavo Dias & Luciano,gustavo dias & luciano,Gustavo Dias,Luciano,Quandrix Unlimited,Prismari Artistry,https://moxfield.com/decks/ht3IDMDxnU2VOMi7MAhtFg,https://moxfield.com/decks/Fh99bHrQZ0KLu34C2JXu5w,Quandrix Unlimited,Prismari Artistry,Quandrix Unlimited,Prismari Artistry,Secrets of Strixhaven,Secrets of Strixhaven,manual,0,0
liga-2x2-presencial-s2-e6,Liga 2x2 presencial S2-E6,2026-05-16,2026-05,Melk & Sônia / Tricky Terrain & Velociramptor,Melk & Sônia,melk & sonia,Melk,Sônia,Tricky Terrain,Veloci-E-Rápido,https://moxfield.com/decks/oZAUJUI4OESC2r8Yz9hhRw,https://moxfield.com/decks/KcPWaLquLkmIOy3XsFHTqQ,Tricky Terrain,Veloci-E-Rápido,Tricky Terrain,Veloci-Ramp-Tor,Modern Horizons 3,The Lost Caverns of Ixalan,manual,0,0
liga-2x2-presencial-s2-e6,Liga 2x2 presencial S2-E6,2026-05-16,2026-05,Metusa & Rudzzt / Timeless Wisdom & Elven Council,Metusa & Rudzzt,metusa & rudzzt,Metusa,Rudzzt,Sabedoria Eterna,Conselho Élfico,https://moxfield.com/decks/mlElAIMD4EazCpFh8osZaw,https://moxfield.com/decks/oP3tmn8muEKNYSWn3KHhDw,Sabedoria Eterna,Conselho Élfico,Timeless Wisdom,Elven Council,Commander 2020 - Ikoria,The Lord Of The Rings: Tales Of Middle-Earth,manual,0,0
liga-2x2-presencial-s2-e7,Liga 2x2 presencial S2-E7,2026-05-23,2026-05,Matheus & André,André & Matheus,andre & matheus,Matheus,André,Domínio das Fadinas,Urza's Iron Alliance,https://moxfield.com/decks/ErDyBjAnKE6l5TqX6wMxdg,https://moxfield.com/decks/DZiH6rz0tEq2SnaqbKt1CQ,Domínio das Fadinas,Urza's Iron Alliance,Fae Dominion,Urza's Iron Alliance,Wilds of Eldraine,The Brothers' War,manual,0,0
liga-2x2-presencial-s2-e7,Liga 2x2 presencial S2-E7,2026-05-23,2026-05,Castanhari & Oyafuso,Arthur Castanhari & Murilo Oyafuso,arthur castanhari & murilo oyafuso,Arthur Castanhari,Murilo Oyafuso,Lorehold Spirit,World Shaper,https://moxfield.com/decks/u6bBAgiZn0aXxjms4_-J9A,https://moxfield.com/decks/n04yWsMGvUCmMQ8ImxJ_0A,Lorehold Spirit,World Shaper,Lorehold Spirit,World Shaper,Secrets of Strixhaven,Edge of Eternities,manual,0,0
liga-2x2-presencial-s2-e7,Liga 2x2 presencial S2-E7,2026-05-23,2026-05,Zangalli & Banshee,Banshee & Zangalli,banshee & zangalli,Zangalli,Banshee,Veloci-E-Rápido,Silverquill Influence,https://moxfield.com/decks/KcPWaLquLkmIOy3XsFHTqQ,https://moxfield.com/decks/g9rcUGSiR02aO2Ozof0rNA,Veloci-E-Rápido,Silverquill Influence,Veloci-Ramp-Tor,Silverquill Influence,The Lost Caverns of Ixalan,Secrets of Strixhaven,manual,0,0
liga-2x2-presencial-s2-e7,Liga 2x2 presencial S2-E7,2026-05-23,2026-05,Beck & Ricardo,Beck & Ricardo,beck & ricardo,Beck,Ricardo,Içar Velas,Counter Blitz,https://moxfield.com/decks/2wB6WsbRwU-ZdNlWHu6VKg,https://moxfield.com/decks/sDazpxFOb0S9IAdQSA_7lg,Içar Velas,Counter Blitz,Ahoy Mateys,Counter Blitz,The Lost Caverns of Ixalan,Final Fantasy,manual,0,0
liga-2x2-presencial-s2-e7,Liga 2x2 presencial S2-E7,2026-05-23,2026-05,João & Hermann,Hermann & João,hermann & joao,João,Hermann,,,,,,,,,,,manual,0,1
liga-2x2-presencial-s2-e7,Liga 2x2 presencial S2-E7,2026-05-23,2026-05,Jorel & Martin,Jorel & Martin,jorel & martin,Jorel,Martin,Revival Trance,Lorehold Spirit,https://moxfield.com/decks/pAPGhXsBz0OcmaT0sMK1_g,https://moxfield.com/decks/u6bBAgiZn0aXxjms4_-J9A,Revival Trance,Lorehold Spirit,Revival Trance,Lorehold Spirit,Final Fantasy,Secrets of Strixhaven,manual,0,0
liga-2x2-presencial-s2-e7,Liga 2x2 presencial S2-E7,2026-05-23,2026-05,Theo & Leonardo,Leonardo & Theo,leonardo & theo,Theo,Leonardo,Virtude e Valor,Lorehold Spirit,https://moxfield.com/decks/Oo_99oH5K0ifS25Wzu5qLw,https://moxfield.com/decks/u6bBAgiZn0aXxjms4_-J9A,Virtude e Valor,Lorehold Spirit,Virtue and Valor,Lorehold Spirit,Wilds of Eldraine,Secrets of Strixhaven,manual,0,0
liga-2x2-presencial-s2-e7,Liga 2x2 presencial S2-E7,2026-05-23,2026-05,Nathalia & Lily,Lily & Nathalia,lily & nathalia,Nathalia,Lily,Revival Trance,Sultai Arisen,https://moxfield.com/decks/pAPGhXsBz0OcmaT0sMK1_g,https://moxfield.com/decks/puUUlzKNckGa-UnaRQSbxw,Revival Trance,Sultai Arisen,Revival Trance,Sultai Arisen,Final Fantasy,Tarkir Dragonstorm,manual,0,0
liga-2x2-presencial-s2-e7,Liga 2x2 presencial S2-E7,2026-05-23,2026-05,Lucas & Luiz Rodrigues,Lucas & Luiz Rodrigues,lucas & luiz rodrigues,Lucas,Luiz Rodrigues,World Shaper,Creative Energy,https://moxfield.com/decks/n04yWsMGvUCmMQ8ImxJ_0A,https://moxfield.com/decks/V896XG46-kuKTCBXImt5Cg,World Shaper,Creative Energy,World Shaper,Creative Energy,Edge of Eternities,Modern Horizons 3,manual,0,0
liga-2x2-presencial-s2-e7,Liga 2x2 presencial S2-E7,2026-05-23,2026-05,Pietro & Luiz Henrique,Luiz Henrique & Pietro,luiz henrique & pietro,Pietro,Luiz Henrique,Cavaleiros de Rohan,Temur Roar,https://moxfield.com/decks/hi-cA6GBykKPYJ9xW0g_KQ,https://moxfield.com/decks/sao-2xrGqUCIfv46edPgmw,Cavaleiros de Rohan,Temur Roar,Riders of Rohan,Temur Roar,The Lord Of The Rings: Tales Of Middle-Earth,Tarkir Dragonstorm,manual,0,0
liga-2x2-presencial-s2-e7,Liga 2x2 presencial S2-E7,2026-05-23,2026-05,Melk & Sonia,Melk & Sônia,melk & sonia,Melk,Sônia,Counter Inteligence,Counter Blitz,https://moxfield.com/decks/3_8jtm_lzESK6BdFtnM3iA,https://moxfield.com/decks/sDazpxFOb0S9IAdQSA_7lg,Counter Inteligence,Counter Blitz,Counter Inteligence,Counter Blitz,Edge of Eternities,Final Fantasy,manual,0,0
liga-2x2-presencial-s2-e7,Liga 2x2 presencial S2-E7,2026-05-23,2026-05,Metusa & Rudzzt,Metusa & Rudzzt,metusa & rudzzt,Metusa,Rudzzt,Sabedoria Eterna,Maelstrom Arcano,https://moxfield.com/decks/mlElAIMD4EazCpFh8osZaw,https://moxfield.com/decks/9dBPnvVgpE6CUYp-3EHlAw,Sabedoria Eterna,Maelstrom Arcano,Timeless Wisdom,Arcane Maelstrom,Commander 2020 - Ikoria,Commander 2020 - Ikoria,manual,0,0
liga-2x2-presencial-s2-e7,Liga 2x2 presencial S2-E7,2026-05-23,2026-05,Nathan & Rogério,Nathan & Rogério,nathan & rogerio,Nathan,Rogério,Turtle Power!,Counter Blitz,https://moxfield.com/decks/igKb7qATmkmYaX3M7hB4Sg,https://moxfield.com/decks/sDazpxFOb0S9IAdQSA_7lg,Turtle Power!,Counter Blitz,Turtle Power!,Counter Blitz,Teenage Mutant Ninja Turtles,Final Fantasy,manual,0,0
liga-2x2-presencial-s2-e8,Liga 2x2 presencial S2-E8,2026-05-30,2026-05,André & Zangalli,André & Zangalli,andre & zangalli,André,Zangalli,Quandrix Unlimited,Virtude e Valor,https://moxfield.com/decks/ht3IDMDxnU2VOMi7MAhtFg,https://moxfield.com/decks/Oo_99oH5K0ifS25Wzu5qLw,Quandrix Unlimited,Virtude e Valor,Quandrix Unlimited,Virtue and Valor,Secrets of Strixhaven,Wilds of Eldraine,manual,0,0
liga-2x2-presencial-s2-e8,Liga 2x2 presencial S2-E8,2026-05-30,2026-05,Castanhari & Oyafuso,Arthur Castanhari & Murilo Oyafuso,arthur castanhari & murilo oyafuso,Arthur Castanhari,Murilo Oyafuso,Virtude e Valor,Silverquill Influence,https://moxfield.com/decks/Oo_99oH5K0ifS25Wzu5qLw,https://moxfield.com/decks/g9rcUGSiR02aO2Ozof0rNA,Virtude e Valor,Silverquill Influence,Virtue and Valor,Silverquill Influence,Wilds of Eldraine,Secrets of Strixhaven,manual,0,0
liga-2x2-presencial-s2-e8,Liga 2x2 presencial S2-E8,2026-05-30,2026-05,Rogério & Beck,Beck & Rogério,beck & rogerio,Rogério,Beck,Turtle Power!,Içar Velas,https://moxfield.com/decks/igKb7qATmkmYaX3M7hB4Sg,https://moxfield.com/decks/2wB6WsbRwU-ZdNlWHu6VKg,Turtle Power!,Içar Velas,Turtle Power!,Ahoy Mateys,Teenage Mutant Ninja Turtles,The Lost Caverns of Ixalan,manual,0,0
liga-2x2-presencial-s2-e8,Liga 2x2 presencial S2-E8,2026-05-30,2026-05,Kit & Gustavo,Carlos Kit & Gustavo Dias,carlos kit & gustavo dias,Carlos Kit,Gustavo Dias,Angels: They're Just Like Us but Cooler and With Wings,Temur Roar,https://moxfield.com/decks/Q3Wn5qhG0UWFaGIYEpmRjQ,https://moxfield.com/decks/sao-2xrGqUCIfv46edPgmw,Angels: They're Just Like Us but Cooler and With Wings,Temur Roar,Angels: They're Just Like Us but Cooler and With Wings,Temur Roar,Secret Lair Commander Deck,Tarkir Dragonstorm,manual,0,0
liga-2x2-presencial-s2-e8,Liga 2x2 presencial S2-E8,2026-05-30,2026-05,Johann & Matheus,Johann & Matheus,johann & matheus,Johann,Matheus,Dinastias Necron,Ameaça Mutante,https://moxfield.com/decks/zKKMeZv9mkGJtotwFAmqIg,https://moxfield.com/decks/948Bdak9Pki93eeh-lUUVA,Dinastias Necron,Ameaça Mutante,Necron Dynasties,Mutant Menace,Warhammer 40.000,Fallout,manual,0,0
liga-2x2-presencial-s2-e8,Liga 2x2 presencial S2-E8,2026-05-30,2026-05,Jorel & Martin,Jorel & Martin,jorel & martin,Jorel,Martin,Turtle Power!,Lorehold Spirit,https://moxfield.com/decks/igKb7qATmkmYaX3M7hB4Sg,https://moxfield.com/decks/u6bBAgiZn0aXxjms4_-J9A,Turtle Power!,Lorehold Spirit,Turtle Power!,Lorehold Spirit,Teenage Mutant Ninja Turtles,Secrets of Strixhaven,manual,0,0
liga-2x2-presencial-s2-e8,Liga 2x2 presencial S2-E8,2026-05-30,2026-05,Melk & Sonia,Melk & Sônia,melk & sonia,Melk,Sônia,Counter Inteligence,Counter Blitz,https://moxfield.com/decks/3_8jtm_lzESK6BdFtnM3iA,https://moxfield.com/decks/sDazpxFOb0S9IAdQSA_7lg,Counter Inteligence,Counter Blitz,Counter Inteligence,Counter Blitz,Edge of Eternities,Final Fantasy,manual,0,0
liga-2x2-presencial-s2-e8,Liga 2x2 presencial S2-E8,2026-05-30,2026-05,Metusa & Rudzzt,Metusa & Rudzzt,metusa & rudzzt,Metusa,Rudzzt,Revenant Recon,Jump Scare!,https://moxfield.com/decks/gjSSgKyWEEWxZ-6n1azr3w,https://moxfield.com/decks/XzGgdXc-TE-qFr4lzmGl6Q,Revenant Recon,Jump Scare!,Revenant Recon,Jump Scare!,Murders at Karlov Manor,Duskmourn: House of Horror,manual,0,0
liga-2x2-presencial-s2-e9,Liga 2x2 presencial S2-E9,2026-06-27,2026-06,Zangalli & André,André & Zangalli,andre & zangalli,Zangalli,André,Endless Punishment,Quandrix Unlimited,https://moxfield.com/decks/eg5J71BzAU-yctY6lRn12Q,https://moxfield.com/decks/ht3IDMDxnU2VOMi7MAhtFg,Endless Punishment,Quandrix Unlimited,Endless Punishment,Quandrix Unlimited,Duskmourn: House of Horror,Secrets of Strixhaven,manual,0,0
liga-2x2-presencial-s2-e9,Liga 2x2 presencial S2-E9,2026-06-27,2026-06,Castanhari & Oyafuso,Arthur Castanhari & Murilo Oyafuso,arthur castanhari & murilo oyafuso,Arthur Castanhari,Murilo Oyafuso,Conflito Aberto,Silverquill Influence,https://moxfield.com/decks/x4ZHwrqgN0qOauhiAGD7xw,https://moxfield.com/decks/g9rcUGSiR02aO2Ozof0rNA,Conflito Aberto,Silverquill Influence,Open Hostility,Silverquill Influence,Commander 2016,Secrets of Strixhaven,manual,0,0
liga-2x2-presencial-s2-e9,Liga 2x2 presencial S2-E9,2026-06-27,2026-06,Jorel & Banshee,Banshee & Jorel,banshee & jorel,Jorel,Banshee,Wakanda Forever,Doom Prevails,https://moxfield.com/decks/sWfwgd1bQUetBcj5gFVaYQ,https://moxfield.com/decks/Jg16IgdT80G3KgLz0vI23g,Wakanda Forever,Doom Prevails,Wakanda Forever,Doom Prevails,Marvel Super Heroes,Marvel Super Heroes,manual,0,0
liga-2x2-presencial-s2-e9,Liga 2x2 presencial S2-E9,2026-06-27,2026-06,Everton Grochoski & Gabriel Arents,Everton Grochoski & Gabriel Arents,everton grochoski & gabriel arents,Everton Grochoski,Gabriel Arents,Avengers Assemble,Animated Army,https://moxfield.com/decks/dXgR2kmN2Uyovl7B9qHcPg,https://moxfield.com/decks/IZBQnOST_kWlQtqytb75rg,Avengers Assemble,Animated Army,Avengers Assemble,Animated Army,Marvel Super Heroes,Bloomburrow,manual,0,0
liga-2x2-presencial-s2-e9,Liga 2x2 presencial S2-E9,2026-06-27,2026-06,Nobru & Kit,Kit & Nobru,kit & nobru,Nobru,Kit,Wakanda Forever,Raining Cats and Dogs,https://moxfield.com/decks/sWfwgd1bQUetBcj5gFVaYQ,https://moxfield.com/decks/UvsMz3GGf0yEaGH82X59Bw,Wakanda Forever,Raining Cats and Dogs,Wakanda Forever,Raining Cats and Dogs,Marvel Super Heroes,Secret Lair Commander Deck,manual,0,0
liga-2x2-presencial-s2-e9,Liga 2x2 presencial S2-E9,2026-06-27,2026-06,Luiz & Lucas,Lucas & Luiz,lucas & luiz,Luiz,Lucas,Silverquill Influence,Exploradores das Profundezas,https://moxfield.com/decks/g9rcUGSiR02aO2Ozof0rNA,https://moxfield.com/decks/SvrXYfEIn0q5EprNPf0mqQ,Silverquill Influence,Exploradores das Profundezas,Silverquill Influence,Explorers of the Deep,Secrets of Strixhaven,The Lost Caverns of Ixalan,manual,0,0
liga-2x2-presencial-s2-e9,Liga 2x2 presencial S2-E9,2026-06-27,2026-06,Melk & Sônia,Melk & Sônia,melk & sonia,Melk,Sônia,Counter Inteligence,Counter Blitz,https://moxfield.com/decks/3_8jtm_lzESK6BdFtnM3iA,https://moxfield.com/decks/sDazpxFOb0S9IAdQSA_7lg,Counter Inteligence,Counter Blitz,Counter Inteligence,Counter Blitz,Edge of Eternities,Final Fantasy,manual,0,0
liga-2x2-presencial-s2-e9,Liga 2x2 presencial S2-E9,2026-06-27,2026-06,Metusa & Rudzzt,Metusa & Rudzzt,metusa & rudzzt,Metusa,Rudzzt,Maelstrom Arcano,Quandrix Quântica,https://moxfield.com/decks/9dBPnvVgpE6CUYp-3EHlAw,https://moxfield.com/decks/PZE0uF5pckKFccZKFvp1mg,Maelstrom Arcano,Quandrix Quântica,Arcane Maelstrom,Quantum Quandrix,Commander 2020 - Ikoria,Commander 2021 - Strixhaven,manual,0,0
liga-2x2-presencial-s2-e9,Liga 2x2 presencial S2-E9,2026-06-27,2026-06,Vinicius & Susan,Susan & Vinicius,susan & vinicius,Vinicius,Susan,Wakanda Forever,Avengers Assemble,https://moxfield.com/decks/sWfwgd1bQUetBcj5gFVaYQ,https://moxfield.com/decks/dXgR2kmN2Uyovl7B9qHcPg,Wakanda Forever,Avengers Assemble,Wakanda Forever,Avengers Assemble,Marvel Super Heroes,Marvel Super Heroes,manual,0,0
liga-2x2-presencial-s3-e01,Liga 2x2 presencial S3-E01,2026-07-04,2026-07,André Romano & Beck,André Romano & Beck,andre romano & beck,André Romano,Beck,,,,,,,,,,,parsed,0,1
liga-2x2-presencial-s3-e01,Liga 2x2 presencial S3-E01,2026-07-04,2026-07,Castanhari & Samy,Arthur Castanhari & Samy,arthur castanhari & samy,Arthur Castanhari,Samy,,,,,,,,,,,parsed,0,1
liga-2x2-presencial-s3-e01,Liga 2x2 presencial S3-E01,2026-07-04,2026-07,Jorel & Banshee,Banshee & Jorel,banshee & jorel,Jorel,Banshee,,,,,,,,,,,parsed,0,1
liga-2x2-presencial-s3-e01,Liga 2x2 presencial S3-E01,2026-07-04,2026-07,Sônia & Melk,Melk & Sônia,melk & sonia,Sônia,Melk,,,,,,,,,,,parsed,0,1
liga-2x2-presencial-s3-e01,Liga 2x2 presencial S3-E01,2026-07-04,2026-07,Nobru & Tarik,Nobru & Tarik,nobru & tarik,Nobru,Tarik,,,,,,,,,,,parsed,0,1
liga-2x2-presencial-s3-e02,Liga 2x2 presencial S3-E02,2026-07-11,2026-07,Castanhari e Sami,Arthur Castanhari & Sami,arthur castanhari & sami,Arthur Castanhari,Sami,,,,,,,,,,,parsed,0,1
liga-2x2-presencial-s3-e02,Liga 2x2 presencial S3-E02,2026-07-11,2026-07,Banshee e Luciano Anselmo,Banshee & Luciano Anselmo,banshee & luciano anselmo,Banshee,Luciano Anselmo,,,,,,,,,,,parsed,0,1
liga-2x2-presencial-s3-e02,Liga 2x2 presencial S3-E02,2026-07-11,2026-07,Rafael Cruz e Beatriz,Beatriz & Rafael Cruz,beatriz & rafael cruz,Rafael Cruz,Beatriz,,,,,,,,,,,parsed,0,1
liga-2x2-presencial-s3-e02,Liga 2x2 presencial S3-E02,2026-07-11,2026-07,Matheus Assis e Beck,Beck & Matheus,beck & matheus,Matheus,Beck,,,,,,,,,,,parsed,0,1
liga-2x2-presencial-s3-e02,Liga 2x2 presencial S3-E02,2026-07-11,2026-07,Chueiry e Rogerio Coelho,Chueiry & Rogério Coelho,chueiry & rogerio coelho,Chueiry,Rogério Coelho,Wakanda Forever,The Fantastic Four,https://moxfield.com/decks/sWfwgd1bQUetBcj5gFVaYQ,https://moxfield.com/decks/BiUxXKiGdEypp8UbWSJ-pQ,Wakanda Forever,The Fantastic Four,Wakanda Forever,The Fantastic Four,Marvel Super Heroes,Marvel Super Heroes,manual,0,0
liga-2x2-presencial-s3-e02,Liga 2x2 presencial S3-E02,2026-07-11,2026-07,Nathalia Tamura e Eduardo Imamura,Eduardo Imamura & Nathalia Tamura,eduardo imamura & nathalia tamura,Nathalia Tamura,Eduardo Imamura,,,,,,,,,,,parsed,0,1
liga-2x2-presencial-s3-e02,Liga 2x2 presencial S3-E02,2026-07-11,2026-07,Luiz Freiberger e João Marcelo,João Marcelo & Luiz Freiberger,joao marcelo & luiz freiberger,Luiz Freiberger,João Marcelo,,,,,,,,,,,parsed,0,1
liga-2x2-presencial-s3-e02,Liga 2x2 presencial S3-E02,2026-07-11,2026-07,Pedro Diego e Matheus Diogo,Matheus Diogo & Pedro Diego,matheus diogo & pedro diego,Pedro Diego,Matheus Diogo,,,,,,,,,,,parsed,0,1
liga-2x2-presencial-s3-e02,Liga 2x2 presencial S3-E02,2026-07-11,2026-07,Melk e Sonia,Melk & Sônia,melk & sonia,Melk,Sônia,,,,,,,,,,,parsed,0,1
liga-2x2-presencial-s3-e02,Liga 2x2 presencial S3-E02,2026-07-11,2026-07,Vinicius Chaca e Susan Ferreira,Susan Ferreira & Vinicius Chaca,susan ferreira & vinicius chaca,Vinicius Chaca,Susan Ferreira,,,,,,,,,,,parsed,0,1
liga-2x2-presencial-s3-e03,Liga 2x2 presencial S3-E03,2026-07-18,2026-07,Andre Romano & Matheus,Andre Romano & Matheus,andre romano & matheus,Andre Romano,Matheus,,,,,,,,,,,parsed,0,1
liga-2x2-presencial-s3-e03,Liga 2x2 presencial S3-E03,2026-07-18,2026-07,Castanhari & Samy,Arthur Castanhari & Samy,arthur castanhari & samy,Arthur Castanhari,Samy,Avengers Assemble,Domínio das Fadinas,https://moxfield.com/decks/dXgR2kmN2Uyovl7B9qHcPg,https://moxfield.com/decks/ErDyBjAnKE6l5TqX6wMxdg,Avengers Assemble,Domínio das Fadinas,Avengers Assemble,Fae Dominion,Marvel Super Heroes,Wilds of Eldraine,manual,0,0
liga-2x2-presencial-s3-e03,Liga 2x2 presencial S3-E03,2026-07-18,2026-07,Rafael & Beatriz,Beatriz & Rafael,beatriz & rafael,Rafael,Beatriz,Family Matters,Devorarrrdores de Mentes,https://moxfield.com/decks/c6jPOurIekil4dXtwVWq8w,https://moxfield.com/decks/fmt6yaMreU2LXsLELVt7xw,Family Matters,Devorarrrdores de Mentes,Family Matters,Mind Flayarrrs,Bloomburrow,Commander Legends: Battle for Baldur's Gate,manual,0,0
liga-2x2-presencial-s3-e03,Liga 2x2 presencial S3-E03,2026-07-18,2026-07,Kit & Beck,Beck & Kit,beck & kit,Kit,Beck,Angels: They're Just Like Us but Cooler and With Wings,Içar Velas,https://moxfield.com/decks/Q3Wn5qhG0UWFaGIYEpmRjQ,https://moxfield.com/decks/2wB6WsbRwU-ZdNlWHu6VKg,Angels: They're Just Like Us but Cooler and With Wings,Içar Velas,Angels: They're Just Like Us but Cooler and With Wings,Ahoy Mateys,Secret Lair Commander Deck,The Lost Caverns of Ixalan,manual,0,0
liga-2x2-presencial-s3-e03,Liga 2x2 presencial S3-E03,2026-07-18,2026-07,Chaca & Susan,Chaca & Susan,chaca & susan,Chaca,Susan,Creative Energy,Turtle Power!,https://moxfield.com/decks/V896XG46-kuKTCBXImt5Cg,https://moxfield.com/decks/igKb7qATmkmYaX3M7hB4Sg,Creative Energy,Turtle Power!,Creative Energy,Turtle Power!,Modern Horizons 3,Teenage Mutant Ninja Turtles,manual,0,0
liga-2x2-presencial-s3-e03,Liga 2x2 presencial S3-E03,2026-07-18,2026-07,Jorel & Martin,Jorel & Martin,jorel & martin,Jorel,Martin,Sultai Arisen,Abzan Armor,https://moxfield.com/decks/puUUlzKNckGa-UnaRQSbxw,https://moxfield.com/decks/hdTiRiY5IEyCJFL2BR8cyg,Sultai Arisen,Abzan Armor,Sultai Arisen,Abzan Armor,Tarkir Dragonstorm,Tarkir Dragonstorm,manual,0,0
liga-2x2-presencial-s3-e03,Liga 2x2 presencial S3-E03,2026-07-18,2026-07,Oyafuso & Kim,Kim & Murilo Oyafuso,kim & murilo oyafuso,Murilo Oyafuso,Kim,,,,,,,,,,,parsed,0,1
liga-2x2-presencial-s3-e03,Liga 2x2 presencial S3-E03,2026-07-18,2026-07,Theo & Leonardo,Leonardo & Theo,leonardo & theo,Theo,Leonardo,Turtle Power!,Avengers Assemble,https://moxfield.com/decks/igKb7qATmkmYaX3M7hB4Sg,https://moxfield.com/decks/dXgR2kmN2Uyovl7B9qHcPg,Turtle Power!,Avengers Assemble,Turtle Power!,Avengers Assemble,Teenage Mutant Ninja Turtles,Marvel Super Heroes,manual,0,0
liga-2x2-presencial-s3-e03,Liga 2x2 presencial S3-E03,2026-07-18,2026-07,Nathan & Luciano,Luciano & Nathan,luciano & nathan,Nathan,Luciano,Silverquill Influence,Limit Break,https://moxfield.com/decks/g9rcUGSiR02aO2Ozof0rNA,https://moxfield.com/decks/pTUR6p0yNkOoxDNqo8TMEw,Silverquill Influence,Limit Break,Silverquill Influence,Limit Break,Secrets of Strixhaven,Final Fantasy,manual,0,0
liga-2x2-presencial-s3-e03,Liga 2x2 presencial S3-E03,2026-07-18,2026-07,Melk & Sônia,Melk & Sônia,melk & sonia,Melk,Sônia,Prismari Artistry,Veloci-E-Rápido,https://moxfield.com/decks/Fh99bHrQZ0KLu34C2JXu5w,https://moxfield.com/decks/KcPWaLquLkmIOy3XsFHTqQ,Prismari Artistry,Veloci-E-Rápido,Prismari Artistry,Veloci-Ramp-Tor,Secrets of Strixhaven,The Lost Caverns of Ixalan,manual,0,0
liga-2x2-presencial-s3-e03,Liga 2x2 presencial S3-E03,2026-07-18,2026-07,Metusa & Rudzzt,Metusa & Rudzzt,metusa & rudzzt,Metusa,Rudzzt,Forças do Império,Maelstrom Arcano,https://moxfield.com/decks/vBgNOCq5CUWU3B4c5m8gXA,https://moxfield.com/decks/9dBPnvVgpE6CUYp-3EHlAw,Forças do Império,Maelstrom Arcano,Forces of the Imperium,Arcane Maelstrom,Warhammer 40.000,Commander 2020 - Ikoria,manual,0,0
liga-2x2-presencial-s3-e03,Liga 2x2 presencial S3-E03,2026-07-18,2026-07,Nobru & Tarik,Nobru & Tarik,nobru & tarik,Nobru,Tarik,Içar Velas,Ameaça Mutante,https://moxfield.com/decks/2wB6WsbRwU-ZdNlWHu6VKg,https://moxfield.com/decks/948Bdak9Pki93eeh-lUUVA,Içar Velas,Ameaça Mutante,Ahoy Mateys,Mutant Menace,The Lost Caverns of Ixalan,Fallout,manual,0,0
liga-2x2-presencial-s3-e03,Liga 2x2 presencial S3-E03,2026-07-18,2026-07,Vinicius & Oscar,Oscar & Vinicius,oscar & vinicius,Vinicius,Oscar,,,,,,,,,,,parsed,0,1
liga-2x2-presencial-s3-e4,Liga 2x2 presencial S3-E4,2026-07-25,2026-07,André & Matheus,André & Matheus,andre & matheus,André,Matheus,Wakanda Forever,Domínio das Fadinas,https://moxfield.com/decks/sWfwgd1bQUetBcj5gFVaYQ,https://moxfield.com/decks/ErDyBjAnKE6l5TqX6wMxdg,Wakanda Forever,Domínio das Fadinas,Wakanda Forever,Fae Dominion,Marvel Super Heroes,Wilds of Eldraine,manual,0,0
liga-2x2-presencial-s3-e4,Liga 2x2 presencial S3-E4,2026-07-25,2026-07,Castanhari & Samy,Arthur Castanhari & Samy,arthur castanhari & samy,Arthur Castanhari,Samy,Turtle Power!,Domínio das Fadinas,https://moxfield.com/decks/igKb7qATmkmYaX3M7hB4Sg,https://moxfield.com/decks/ErDyBjAnKE6l5TqX6wMxdg,Turtle Power!,Domínio das Fadinas,Turtle Power!,Fae Dominion,Teenage Mutant Ninja Turtles,Wilds of Eldraine,manual,0,0
liga-2x2-presencial-s3-e4,Liga 2x2 presencial S3-E4,2026-07-25,2026-07,Augusto & Gabriel,Augusto & Gabriel,augusto & gabriel,Augusto,Gabriel,Counter Inteligence,Blight Curse,https://moxfield.com/decks/3_8jtm_lzESK6BdFtnM3iA,https://moxfield.com/decks/dDoe4mrTwEWH0sP2H7WH4A,Counter Inteligence,Blight Curse,Counter Inteligence,Blight Curse,Edge of Eternities,Lorwyn Eclipsed,manual,0,0
liga-2x2-presencial-s3-e4,Liga 2x2 presencial S3-E4,2026-07-25,2026-07,Manfrinato & Banshee,Banshee & Manfrinato,banshee & manfrinato,Manfrinato,Banshee,Renascer da Rebelião,Squirreled Away,https://moxfield.com/decks/sWWMCJk-MUGqcLSNyVnW5A,https://moxfield.com/decks/4xEJiagwvEGelJy9ojLtZA,Renascer da Rebelião,Squirreled Away,Rebellion Rising,Squirreled Away,Phyrexia: All Will Be One,Bloomburrow,manual,0,0
liga-2x2-presencial-s3-e4,Liga 2x2 presencial S3-E4,2026-07-25,2026-07,Chaca & Susan,Chaca & Susan,chaca & susan,Chaca,Susan,Creative Energy,Turtle Power!,https://moxfield.com/decks/V896XG46-kuKTCBXImt5Cg,https://moxfield.com/decks/igKb7qATmkmYaX3M7hB4Sg,Creative Energy,Turtle Power!,Creative Energy,Turtle Power!,Modern Horizons 3,Teenage Mutant Ninja Turtles,manual,0,0
liga-2x2-presencial-s3-e4,Liga 2x2 presencial S3-E4,2026-07-25,2026-07,Zangalli & Chueiry,Chueiry & Zangalli,chueiry & zangalli,Zangalli,Chueiry,Endless Punishment,Festa dos Planeswalker,https://moxfield.com/decks/eg5J71BzAU-yctY6lRn12Q,https://moxfield.com/decks/BYtodI0bP02r4z6UCkNkOg,Endless Punishment,Festa dos Planeswalker,Endless Punishment,Planeswalker Party,Duskmourn: House of Horror,Commander Masters,manual,0,0
liga-2x2-presencial-s3-e4,Liga 2x2 presencial S3-E4,2026-07-25,2026-07,Jorel & Martin,Jorel & Martin,jorel & martin,Jorel,Martin,Içar Velas,Prismari Artistry,https://moxfield.com/decks/2wB6WsbRwU-ZdNlWHu6VKg,https://moxfield.com/decks/Fh99bHrQZ0KLu34C2JXu5w,Içar Velas,Prismari Artistry,Ahoy Mateys,Prismari Artistry,The Lost Caverns of Ixalan,Secrets of Strixhaven,manual,0,0
liga-2x2-presencial-s3-e4,Liga 2x2 presencial S3-E4,2026-07-25,2026-07,Sônia & Melk,Melk & Sônia,melk & sonia,Sônia,Melk,Pirmari Artistry,Veloci-E-Rápido,,https://moxfield.com/decks/KcPWaLquLkmIOy3XsFHTqQ,Pirmari Artistry,Veloci-E-Rápido,,Veloci-Ramp-Tor,,The Lost Caverns of Ixalan,manual,0,1
liga-2x2-presencial-s3-e4,Liga 2x2 presencial S3-E4,2026-07-25,2026-07,Metusa & Ruddzt,Metusa & Rudzzt,metusa & rudzzt,Metusa,Rudzzt,Forças do Império,Maelstrom Arcano,https://moxfield.com/decks/vBgNOCq5CUWU3B4c5m8gXA,https://moxfield.com/decks/9dBPnvVgpE6CUYp-3EHlAw,Forças do Império,Maelstrom Arcano,Forces of the Imperium,Arcane Maelstrom,Warhammer 40.000,Commander 2020 - Ikoria,manual,0,0
liga-2x2-presencial-s3-e4,Liga 2x2 presencial S3-E4,2026-07-25,2026-07,Nobru & Tarik,Nobru & Tarik,nobru & tarik,Nobru,Tarik,Içar Velas,Ameaça Mutante,https://moxfield.com/decks/2wB6WsbRwU-ZdNlWHu6VKg,https://moxfield.com/decks/948Bdak9Pki93eeh-lUUVA,Içar Velas,Ameaça Mutante,Ahoy Mateys,Mutant Menace,The Lost Caverns of Ixalan,Fallout,manual,0,0
liga-2x2-presencial-s3-e4,Liga 2x2 presencial S3-E4,2026-07-25,2026-07,Marcus Werneck & Rafaela Wernerck,marcus vinicius werneck esteves & Rafaela Wernerck,marcus vinicius werneck esteves & rafaela wernerck,marcus vinicius werneck esteves,Rafaela Wernerck,,,,,,,,,,,parsed,0,1
liga-2x2-presencial-s3-e5,Liga 2x2 presencial S3-E5,2026-08-01,2026-08,Matheus & André,André & Matheus,andre & matheus,Matheus,André,Wakanda Forever,Silverquill Influence,https://moxfield.com/decks/sWfwgd1bQUetBcj5gFVaYQ,https://moxfield.com/decks/g9rcUGSiR02aO2Ozof0rNA,Wakanda Forever,Silverquill Influence,Wakanda Forever,Silverquill Influence,Marvel Super Heroes,Secrets of Strixhaven,manual,0,0
liga-2x2-presencial-s3-e5,Liga 2x2 presencial S3-E5,2026-08-01,2026-08,Jorel & Banshee,Banshee & Jorel,banshee & jorel,Jorel,Banshee,Sultai Arisen,Ameaça Mutante,https://moxfield.com/decks/puUUlzKNckGa-UnaRQSbxw,https://moxfield.com/decks/948Bdak9Pki93eeh-lUUVA,Sultai Arisen,Ameaça Mutante,Sultai Arisen,Mutant Menace,Tarkir Dragonstorm,Fallout,manual,0,0
liga-2x2-presencial-s3-e5,Liga 2x2 presencial S3-E5,2026-08-01,2026-08,Rafael & Beatriz,Beatriz & Rafael,beatriz & rafael,Rafael,Beatriz,,,,,,,,,,,parsed,0,1
liga-2x2-presencial-s3-e5,Liga 2x2 presencial S3-E5,2026-08-01,2026-08,Beck & Nathan,Beck & Nathan,beck & nathan,Beck,Nathan,Içar Velas,World Shaper,https://moxfield.com/decks/2wB6WsbRwU-ZdNlWHu6VKg,https://moxfield.com/decks/n04yWsMGvUCmMQ8ImxJ_0A,Içar Velas,World Shaper,Ahoy Mateys,World Shaper,The Lost Caverns of Ixalan,Edge of Eternities,manual,0,0
liga-2x2-presencial-s3-e5,Liga 2x2 presencial S3-E5,2026-08-01,2026-08,Chaca & Susan,Chaca & Susan,chaca & susan,Chaca,Susan,Influência Corruptora,Counter Inteligence,https://moxfield.com/decks/wRdT-auSDE6XcMJPM0aHDA,https://moxfield.com/decks/3_8jtm_lzESK6BdFtnM3iA,Influência Corruptora,Counter Inteligence,Corrupting Influence,Counter Inteligence,Phyrexia: All Will Be One,Edge of Eternities,manual,0,0
liga-2x2-presencial-s3-e5,Liga 2x2 presencial S3-E5,2026-08-01,2026-08,Theo & Leonardo,Leonardo & Theo,leonardo & theo,Theo,Leonardo,Temur Roar,Capitão América,https://moxfield.com/decks/sao-2xrGqUCIfv46edPgmw,,Temur Roar,Capitão América,Temur Roar,,Tarkir Dragonstorm,,manual,0,1
liga-2x2-presencial-s3-e5,Liga 2x2 presencial S3-E5,2026-08-01,2026-08,Matheus Herman & Luiz Freiberger,Luiz Freiberger & Matheus Herman,luiz freiberger & matheus herman,Matheus Herman,Luiz Freiberger,Cavaleiros de Rohan,Dance of the Elements,https://moxfield.com/decks/hi-cA6GBykKPYJ9xW0g_KQ,https://moxfield.com/decks/Z9GXwZyiKkOfR3O5m1rEkw,Cavaleiros de Rohan,Dance of the Elements,Riders of Rohan,Dance of the Elements,The Lord Of The Rings: Tales Of Middle-Earth,Lorwyn Eclipsed,manual,0,0
liga-2x2-presencial-s3-e5,Liga 2x2 presencial S3-E5,2026-08-01,2026-08,Melk & Sonia,Melk & Sônia,melk & sonia,Melk,Sônia,Maelstrom Arcano,Prismari Artistry,https://moxfield.com/decks/9dBPnvVgpE6CUYp-3EHlAw,https://moxfield.com/decks/Fh99bHrQZ0KLu34C2JXu5w,Maelstrom Arcano,Prismari Artistry,Arcane Maelstrom,Prismari Artistry,Commander 2020 - Ikoria,Secrets of Strixhaven,manual,0,0
liga-2x2-presencial-s3-e5,Liga 2x2 presencial S3-E5,2026-08-01,2026-08,Metusa & Rudzzt,Metusa & Rudzzt,metusa & rudzzt,Metusa,Rudzzt,Maelstrom Arcano,Içar Velas,https://moxfield.com/decks/9dBPnvVgpE6CUYp-3EHlAw,https://moxfield.com/decks/2wB6WsbRwU-ZdNlWHu6VKg,Maelstrom Arcano,Içar Velas,Arcane Maelstrom,Ahoy Mateys,Commander 2020 - Ikoria,The Lost Caverns of Ixalan,manual,0,0
liga-2x2-presencial-s3-e5,Liga 2x2 presencial S3-E5,2026-08-01,2026-08,Nobru & Tarik,Nobru & Tarik,nobru & tarik,Nobru,Tarik,Içar Velas,Ameaça Mutante,https://moxfield.com/decks/2wB6WsbRwU-ZdNlWHu6VKg,https://moxfield.com/decks/948Bdak9Pki93eeh-lUUVA,Içar Velas,Ameaça Mutante,Ahoy Mateys,Mutant Menace,The Lost Caverns of Ixalan,Fallout,manual,0,0
liga-2x2-presencial-s3-e5,Liga 2x2 presencial S3-E5,2026-08-01,2026-08,Zangalli & Oscar,Oscar & Zangalli,oscar & zangalli,Zangalli,Oscar,Endless Punishment,Prismari Artistry,https://moxfield.com/decks/eg5J71BzAU-yctY6lRn12Q,https://moxfield.com/decks/Fh99bHrQZ0KLu34C2JXu5w,Endless Punishment,Prismari Artistry,Endless Punishment,Prismari Artistry,Duskmourn: House of Horror,Secrets of Strixhaven,manual,0,0
liga-2x2-presencial-s3-e6-2,Liga 2x2 presencial S3-E6,2026-08-15,2026-08,Matheus & André // elven council & host of morder,André & Matheus,andre & matheus,Matheus,André,Conselho Élfico,Host of Mordor,https://moxfield.com/decks/oP3tmn8muEKNYSWn3KHhDw,,Conselho Élfico,Host of Mordor,Elven Council,,The Lord Of The Rings: Tales Of Middle-Earth,,manual,0,1
liga-2x2-presencial-s3-e6-2,Liga 2x2 presencial S3-E6,2026-08-15,2026-08,Castanhari & Samy // familly matters & fae dominion,Arthur Castanhari & Samy,arthur castanhari & samy,Arthur Castanhari,Samy,Family Matters,Domínio das Fadinas,https://moxfield.com/decks/c6jPOurIekil4dXtwVWq8w,https://moxfield.com/decks/ErDyBjAnKE6l5TqX6wMxdg,Family Matters,Domínio das Fadinas,Family Matters,Fae Dominion,Bloomburrow,Wilds of Eldraine,manual,0,0
liga-2x2-presencial-s3-e6-2,Liga 2x2 presencial S3-E6,2026-08-15,2026-08,Rafa & Bea // Turtle Power & Fae Dominion,Bea & Rafa,bea & rafa,Rafa,Bea,Turtle Power!,Domínio das Fadinas,https://moxfield.com/decks/igKb7qATmkmYaX3M7hB4Sg,https://moxfield.com/decks/ErDyBjAnKE6l5TqX6wMxdg,Turtle Power!,Domínio das Fadinas,Turtle Power!,Fae Dominion,Teenage Mutant Ninja Turtles,Wilds of Eldraine,manual,0,0
liga-2x2-presencial-s3-e6-2,Liga 2x2 presencial S3-E6,2026-08-15,2026-08,Chaca & Susan // breed letality & counter inteligence,Chaca & Susan,chaca & susan,Chaca,Susan,Geração de Letalidade,Counter Inteligence,https://moxfield.com/decks/rnkRQ7yt1EKD4pSVBEQX7w,https://moxfield.com/decks/3_8jtm_lzESK6BdFtnM3iA,Geração de Letalidade,Counter Inteligence,Breed Lethality,Counter Inteligence,Commander 2016,Edge of Eternities,manual,0,0
liga-2x2-presencial-s3-e6-2,Liga 2x2 presencial S3-E6,2026-08-15,2026-08,Sonia e Denilson // Pantlaza e Rotha,Denilson & Sônia,denilson & sonia,Sônia,Denilson,Pantlaza,Prismari Artistry,,https://moxfield.com/decks/Fh99bHrQZ0KLu34C2JXu5w,Pantlaza,Prismari Artistry,,Prismari Artistry,,Secrets of Strixhaven,manual,0,1
liga-2x2-presencial-s3-e6-2,Liga 2x2 presencial S3-E6,2026-08-15,2026-08,Martin & Gustavo // 10 dr & avengers assemble,Gustavo & Martin,gustavo & martin,Martin,Gustavo,Timey-Wimey,Avengers Assemble,https://moxfield.com/decks/weR7hsL3Vk-I2qTNGqfK2w,https://moxfield.com/decks/dXgR2kmN2Uyovl7B9qHcPg,Timey-Wimey,Avengers Assemble,Timey-Wimey,Avengers Assemble,Doctor Who,Marvel Super Heroes,manual,0,0
liga-2x2-presencial-s3-e6-2,Liga 2x2 presencial S3-E6,2026-08-15,2026-08,Matheus & Theo // planeswalker party & counter inteligence,Matheus & Theo,matheus & theo,Matheus,Theo,Festa dos Planeswalker,Counter Inteligence,https://moxfield.com/decks/BYtodI0bP02r4z6UCkNkOg,https://moxfield.com/decks/3_8jtm_lzESK6BdFtnM3iA,Festa dos Planeswalker,Counter Inteligence,Planeswalker Party,Counter Inteligence,Commander Masters,Edge of Eternities,manual,0,0
liga-2x2-presencial-s3-e6-2,Liga 2x2 presencial S3-E6,2026-08-15,2026-08,Metuda & Rudzzt // Massacre dos Maestros & Içar Velas,Metuda & Rudzzt,metuda & rudzzt,Metuda,Rudzzt,Massacre dos Maestros,Içar Velas,https://moxfield.com/decks/LxPGBybSyEWQHFd87np1Xw,https://moxfield.com/decks/2wB6WsbRwU-ZdNlWHu6VKg,Massacre dos Maestros,Içar Velas,Maestros Massacre,Ahoy Mateys,Streets of New Capenna,The Lost Caverns of Ixalan,manual,0,0
liga-2x2-presencial-s3-e6-2,Liga 2x2 presencial S3-E6,2026-08-15,2026-08,Nathan e Rogério// Counter Inteligence & Doom Prevails,Nathan & Rogério,nathan & rogerio,Nathan,Rogério,Counter Inteligence,Doom Prevails,https://moxfield.com/decks/3_8jtm_lzESK6BdFtnM3iA,https://moxfield.com/decks/Jg16IgdT80G3KgLz0vI23g,Counter Inteligence,Doom Prevails,Counter Inteligence,Doom Prevails,Edge of Eternities,Marvel Super Heroes,manual,0,0
liga-2x2-presencial-s3-e6-2,Liga 2x2 presencial S3-E6,2026-08-15,2026-08,Nobru e Tarik // Ahoy Mates & Mutant Menace,Nobru & Tarik,nobru & tarik,Nobru,Tarik,Içar Velas,Ameaça Mutante,https://moxfield.com/decks/2wB6WsbRwU-ZdNlWHu6VKg,https://moxfield.com/decks/948Bdak9Pki93eeh-lUUVA,Içar Velas,Ameaça Mutante,Ahoy Mateys,Mutant Menace,The Lost Caverns of Ixalan,Fallout,manual,0,0
liga-2x2-presencial-s3-e6-2,Liga 2x2 presencial S3-E6,2026-08-15,2026-08,Oscar & Vinicius // wakanda forever & silverquill influence,Oscar & Vinicius,oscar & vinicius,Oscar,Vinicius,Wakanda Forever,Silverquill Influence,https://moxfield.com/decks/sWfwgd1bQUetBcj5gFVaYQ,https://moxfield.com/decks/g9rcUGSiR02aO2Ozof0rNA,Wakanda Forever,Silverquill Influence,Wakanda Forever,Silverquill Influence,Marvel Super Heroes,Secrets of Strixhaven,manual,0,0
liga-2x2-presencial-s3-e7,Liga 2x2 presencial S3-E7,2026-08-29,2026-08,Banshee & Castanhari,Arthur Castanhari & Banshee,arthur castanhari & banshee,Banshee,Arthur Castanhari,,,,,,,,,,,parsed,0,1
liga-2x2-presencial-s3-e7,Liga 2x2 presencial S3-E7,2026-08-29,2026-08,Beck & Metusa,Beck & Metusa,beck & metusa,Beck,Metusa,Dance of the Elements,Massacre dos Maestros,https://moxfield.com/decks/Z9GXwZyiKkOfR3O5m1rEkw,https://moxfield.com/decks/LxPGBybSyEWQHFd87np1Xw,Dance of the Elements,Massacre dos Maestros,Dance of the Elements,Maestros Massacre,Lorwyn Eclipsed,Streets of New Capenna,manual,0,0
liga-2x2-presencial-s3-e7,Liga 2x2 presencial S3-E7,2026-08-29,2026-08,Chueiry & Zanga,Chueiry & Zanga,chueiry & zanga,Chueiry,Zanga,,,,,,,,,,,parsed,0,1
liga-2x2-presencial-s3-e7,Liga 2x2 presencial S3-E7,2026-08-29,2026-08,Sônia & Denilson,Denilson & Sônia,denilson & sonia,Sônia,Denilson,Veloci-E-Rápido,Prismari Artistry,https://moxfield.com/decks/KcPWaLquLkmIOy3XsFHTqQ,https://moxfield.com/decks/Fh99bHrQZ0KLu34C2JXu5w,Veloci-E-Rápido,Prismari Artistry,Veloci-Ramp-Tor,Prismari Artistry,The Lost Caverns of Ixalan,Secrets of Strixhaven,manual,0,0
liga-2x2-presencial-s3-e7,Liga 2x2 presencial S3-E7,2026-08-29,2026-08,Martin & Jorel,Jorel & Martin,jorel & martin,Martin,Jorel,Declaração de Platinopena,Turtle Power!,https://moxfield.com/decks/Mfa3Pf1aZ0m4-Sb6DwlMTw,https://moxfield.com/decks/igKb7qATmkmYaX3M7hB4Sg,Declaração de Platinopena,Turtle Power!,Silverquill Statement,Turtle Power!,Commander 2021 - Strixhaven,Teenage Mutant Ninja Turtles,manual,0,0
liga-2x2-presencial-s3-e7,Liga 2x2 presencial S3-E7,2026-08-29,2026-08,Matheus Assis & Nicolas,Matheus & Nicolas,matheus & nicolas,Matheus,Nicolas,,,,,,,,,,,parsed,0,1
liga-2x2-presencial-s3-e7,Liga 2x2 presencial S3-E7,2026-08-29,2026-08,Nathan & Rogério,Nathan & Rogerio,nathan & rogerio,Nathan,Rogerio,Doom Prevails,Counter Inteligence,https://moxfield.com/decks/Jg16IgdT80G3KgLz0vI23g,https://moxfield.com/decks/3_8jtm_lzESK6BdFtnM3iA,Doom Prevails,Counter Inteligence,Doom Prevails,Counter Inteligence,Marvel Super Heroes,Edge of Eternities,manual,0,0
liga-2x2-presencial-s3-e7,Liga 2x2 presencial S3-E7,2026-08-29,2026-08,Nobru & Tarik,Nobru & Tarik,nobru & tarik,Nobru,Tarik,Içar Velas,Ameaça Mutante,https://moxfield.com/decks/2wB6WsbRwU-ZdNlWHu6VKg,https://moxfield.com/decks/948Bdak9Pki93eeh-lUUVA,Içar Velas,Ameaça Mutante,Ahoy Mateys,Mutant Menace,The Lost Caverns of Ixalan,Fallout,manual,0,0
liga-2x2-presencial-s3-e7,Liga 2x2 presencial S3-E7,2026-08-29,2026-08,Oscar & Vini,Oscar & Vini,oscar & vini,Oscar,Vini,Içar Velas,Prismari Artistry,https://moxfield.com/decks/2wB6WsbRwU-ZdNlWHu6VKg,https://moxfield.com/decks/Fh99bHrQZ0KLu34C2JXu5w,Içar Velas,Prismari Artistry,Ahoy Mateys,Prismari Artistry,The Lost Caverns of Ixalan,Secrets of Strixhaven,manual,0,0
