tid,tournament_name,start_date,month,player_name,player_id,standing,points,win_rate,opp_win_rate,decklist,commanders,raw_team,team_name,team_key,player_1,player_2,deck_1,deck_2,deck_url_1,deck_url_2,deck_name_pt_1,deck_name_pt_2,deck_name_en_1,deck_name_en_2,colecao_1,colecao_2,map_status,missing_players,missing_decks,points_official,event_rank,event_points,event_players
liga-2x2-online-s1-e01,Liga 2x2 Online S1-E01,2026-01-29,2026-01,Carbeauty & Andressa,rxCHpUnI6BhF3aqnDJUX,1,7,0.6666666666666666,0.6296296296296297,,,Carbeauty & Andressa,Carbeauty & Andressa,andressa & carbeauty,Carbeauty,Andressa,,,,,,,,,,,manual,0,1,7,1.0,3.0,10.0
liga-2x2-online-s1-e01,Liga 2x2 Online S1-E01,2026-01-29,2026-01,Marcos Sartori & Bauer,cK00lRZ181cMm1O6Qll4,2,7,0.6666666666666666,0.5914814814814814,,,Marcos Sartori & Bauer,Marcos Sartori & Bauer,bauer & marcos sartori,Marcos Sartori,Bauer,,,,,,,,,,,manual,0,1,7,2.0,2.0,10.0
liga-2x2-online-s1-e01,Liga 2x2 Online S1-E01,2026-01-29,2026-01,Juliano & Mateus,rsVhe5vz4jEHBziw1Y0v,3,6,0.6666666666666666,0.5555555555555556,,,Juliano & Mateus,Juliano & Mateus,juliano & mateus,Juliano,Mateus,,,,,,,,,,,manual,0,1,6,3.0,2.0,10.0
liga-2x2-online-s1-e01,Liga 2x2 Online S1-E01,2026-01-29,2026-01,Samuel & Thiago,j2QCbi8rckQctKFUxHEn,4,6,0.6666666666666666,0.4803703703703704,,,Samuel Maia & Thiago,Samuel & Thiago,samuel & thiago,Samuel,Thiago,,,,,,,,,,,parsed,0,1,6,4.0,2.0,10.0
liga-2x2-online-s1-e01,Liga 2x2 Online S1-E01,2026-01-29,2026-01,Fábio & Luiz,znBL3tiqw1dZD2kq4HXa,5,4,0.3333333333333333,0.5174074074074074,,,Fabio & Luiz,Fábio & Luiz,fabio & luiz,Fabio,Luiz,,,,,,,,,,,manual,0,1,4,5.0,1.0,10.0
liga-2x2-online-s1-e01,Liga 2x2 Online S1-E01,2026-01-29,2026-01,Martin & Jorel,XFnj6iHRxlA9M4LynmFv,6,4,0.3333333333333333,0.48037037037037034,,,Martin & Jorel,Martin & Jorel,jorel & martin,Martin,Jorel,,,,,,,,,,,manual,0,1,4,6.0,1.0,10.0
liga-2x2-online-s1-e01,Liga 2x2 Online S1-E01,2026-01-29,2026-01,Felipe Familiar & Langa,uRPALW9SRbM8DFGEbBeQ,7,4,0.3333333333333333,0.44333333333333336,,,Felipe Familiar & Langa,Felipe Familiar & Langa,felipe familiar & langa,Felipe Familiar,Langa,,,,,,,,,,,manual,0,1,4,7.0,1.0,10.0
liga-2x2-online-s1-e01,Liga 2x2 Online S1-E01,2026-01-29,2026-01,Glauber & Erick,X5LrLopnvGARQgwpYJEb,8,3,0.3333333333333333,0.4803703703703704,,,Glauber & Erick,Glauber & Erick,erick & glauber,Glauber,Erick,,,,,,,,,,,manual,0,1,3,8.0,1.0,10.0
liga-2x2-online-s1-e01,Liga 2x2 Online S1-E01,2026-01-29,2026-01,Reva & Boone,l0Uc9FBlfz6gAsFTSH9U,9,1,0.0,0.5185185185185185,,,Reva & Boone,Reva & Boone,boone & reva,Reva,Boone,,,,,,,,,,,manual,0,1,1,9.0,1.0,10.0
liga-2x2-online-s1-e01,Liga 2x2 Online S1-E01,2026-01-29,2026-01,Chueiry & Vicente,1zFIu3Ek4VIawnKRq54V,10,0,0.0,0.5185185185185185,,,Chueiry & Vicente,Chueiry & Vicente,chueiry & vicente,Chueiry,Vicente,,,,,,,,,,,manual,0,1,0,10.0,1.0,10.0
liga-2x2-online-s1-e02,Liga 2x2 Online S1-E02,2026-02-05,2026-02,Samuel Maia & Thiago,yarIweAMYjBQ7hkJZqKu,1,9,1.0,0.5925925925925926,,,Samuel Maia & Thiago,Samuel Maia & Thiago,samuel & thiago,Samuel,Thiago,,,,,,,,,,,manual,0,1,9,1.0,3.0,12.0
liga-2x2-online-s1-e02,Liga 2x2 Online S1-E02,2026-02-05,2026-02,Carlos & Errejota,JuiLXww4SOB3t47nblyU,2,6,0.6666666666666666,0.6666666666666666,,,Carlos & Errejota,Carlos & Errejota,carlos & errejota,Carlos,Errejota,,,,,,,,,,,manual,0,1,6,2.0,2.0,12.0
liga-2x2-online-s1-e02,Liga 2x2 Online S1-E02,2026-02-05,2026-02,Reva & Boone,56VW2ypm1Q60I7pd1VCj,3,6,0.6666666666666666,0.5925925925925926,,,Reva & Boone,Reva & Boone,boone & reva,Reva,Boone,,,,,,,,,,,manual,0,1,6,3.0,2.0,12.0
liga-2x2-online-s1-e02,Liga 2x2 Online S1-E02,2026-02-05,2026-02,Jorel & Martin,dnmV75OvXzTux6llAbTM,4,6,0.6666666666666666,0.4444444444444444,,,Jorel & Martin,Jorel & Martin,jorel & martin,Jorel,Martin,,,,,,,,,,,manual,0,1,6,4.0,2.0,12.0
liga-2x2-online-s1-e02,Liga 2x2 Online S1-E02,2026-02-05,2026-02,Erick & Fábio,MgukdtqpFCWGovSzBs6r,5,6,0.6666666666666666,0.3703703703703703,,,Erick & Fábio,Erick & Fábio,erick & fabio,Erick,Fábio,,,,,,,,,,,manual,0,1,6,5.0,1.0,12.0
liga-2x2-online-s1-e02,Liga 2x2 Online S1-E02,2026-02-05,2026-02,Bauer & Langa,NM3O5De3jIdZ7EJI1kC1,6,4,0.3333333333333333,0.7037037037037036,,,Bauer & Langa,Bauer & Langa,bauer & langa,Bauer,Langa,,,,,,,,,,,manual,0,1,4,6.0,1.0,12.0
liga-2x2-online-s1-e02,Liga 2x2 Online S1-E02,2026-02-05,2026-02,Marcos Sartori & Arthur Sartori,nJsdPaC7XnkP5XpdUJVZ,7,4,0.3333333333333333,0.48148148148148145,,,Marcos Sartori & Arthur Sartori,Marcos Sartori & Arthur Sartori,arthur sartori & marcos sartori,Marcos Sartori,Arthur Sartori,,,,,,,,,,,manual,0,1,4,7.0,1.0,12.0
liga-2x2-online-s1-e02,Liga 2x2 Online S1-E02,2026-02-05,2026-02,Juliano & Mateus,yMD2pSANi2g4mpz2pVNw,8,3,0.3333333333333333,0.5555555555555555,,,Juliano & Mateus,Juliano & Mateus,juliano & mateus,Juliano,Mateus,,,,,,,,,,,manual,0,1,3,8.0,1.0,12.0
liga-2x2-online-s1-e02,Liga 2x2 Online S1-E02,2026-02-05,2026-02,Marcelo & Samuel,mtWg56AgZRET20q9isy8,9,3,0.3333333333333333,0.5544444444444444,,,Marcelo & Samuel,Marcelo & Samuel,marcelo & samuel,Marcelo,Samuel,,,,,,,,,,,manual,0,1,3,9.0,1.0,12.0
liga-2x2-online-s1-e02,Liga 2x2 Online S1-E02,2026-02-05,2026-02,Gustavo Dias & Udo,1FDH3YwLOJqqhoGYjXHh,10,3,0.3333333333333333,0.4803703703703704,,,Gustavo Dias & Udo,Gustavo Dias & Udo,gustavo dias & udo,Gustavo Dias,Udo,,,,,,,,,,,manual,0,1,3,10.0,1.0,12.0
liga-2x2-online-s1-e02,Liga 2x2 Online S1-E02,2026-02-05,2026-02,Vande & João Marmentini,d6onUDRz14avzaFVYFE6,11,3,0.3333333333333333,0.4433333333333333,,,Vande & Joao Marmentini,Vande & João Marmentini,joao marmentini & vande,Vande,João Marmentini,,,,,,,,,,,manual,0,1,3,11.0,1.0,12.0
liga-2x2-online-s1-e02,Liga 2x2 Online S1-E02,2026-02-05,2026-02,Chueiry & Vicente,qw4XxzovtDnuqfsMelKQ,12,0,0.0,0.3333333333333333,,,Chueiry & Vicente,Chueiry & Vicente,chueiry & vicente,Chueiry,Vicente,,,,,,,,,,,manual,0,1,0,12.0,1.0,12.0
liga-2x2-online-s1-e03,Liga 2x2 Online S1-E03,2026-02-19,2026-02,Langa & Bauer,uZB9erm2UyCSupfYRLmj,1,7,0.6666666666666666,0.5925925925925926,,,Langa & Bauer,Langa & Bauer,bauer & langa,Langa,Bauer,,,,,,,,,,,manual,0,1,7,1.0,3.0,8.0
liga-2x2-online-s1-e03,Liga 2x2 Online S1-E03,2026-02-19,2026-02,Jorel & Martin,FIWIeD1Fl6s9v6TwJ89J,2,7,0.6666666666666666,0.5185185185185185,,,Jorel & Martin,Jorel & Martin,jorel & martin,Jorel,Martin,,,,,,,,,,,manual,0,1,7,2.0,2.0,8.0
liga-2x2-online-s1-e03,Liga 2x2 Online S1-E03,2026-02-19,2026-02,Carlos & Errejota,Y0QFPQR8yt8RFZGIBNrO,3,6,0.6666666666666666,0.4803703703703704,,,Carlos & Errejota,Carlos & Errejota,carlos & errejota,Carlos,Errejota,,,,,,,,,,,manual,0,1,6,3.0,2.0,8.0
liga-2x2-online-s1-e03,Liga 2x2 Online S1-E03,2026-02-19,2026-02,Marcos Sartori & Arthur Sartori,80VymoaRewwNl83VpMMR,4,4,0.3333333333333333,0.48037037037037034,,,Marcos Sartori & Arthur Sartori,Marcos Sartori & Arthur Sartori,arthur sartori & marcos sartori,Marcos Sartori,Arthur Sartori,,,,,,,,,,,manual,0,1,4,4.0,2.0,8.0
liga-2x2-online-s1-e03,Liga 2x2 Online S1-E03,2026-02-19,2026-02,Vicente & Thiago Borini,rpX9JwLJcdS7FSZIxLqm,5,3,0.3333333333333333,0.6285185185185185,,,Vicente & Thiago Borini,Vicente & Thiago Borini,borini & vicente,Vicente,Borini,,,,,,,,,,,manual,0,1,3,5.0,1.0,8.0
liga-2x2-online-s1-e03,Liga 2x2 Online S1-E03,2026-02-19,2026-02,Vande & João Marmentini,FbBDvJXnOZd0uj0Scg6D,6,3,0.3333333333333333,0.48037037037037034,,,Vande & João Marmentini,Vande & João Marmentini,joao marmentini & vande,Vande,João Marmentini,,,,,,,,,,,manual,0,1,3,6.0,1.0,8.0
liga-2x2-online-s1-e03,Liga 2x2 Online S1-E03,2026-02-19,2026-02,Mateus & Juliano,BKpc4Ksc7zf2dz0fYg53,7,2,0.0,0.36925925925925923,,,Mateus & Juliano,Mateus & Juliano,juliano & mateus,Mateus,Juliano,,,,,,,,,,,manual,0,1,2,7.0,1.0,8.0
liga-2x2-online-s1-e03,Liga 2x2 Online S1-E03,2026-02-19,2026-02,Fernando Boone & Reva,u2QTDQGZ71XWsb8sfpfa,8,1,0.0,0.44333333333333336,,,Fernando Boone & Reva,Fernando Boone & Reva,boone & reva,Boone,Reva,,,,,,,,,,,manual,0,1,1,8.0,1.0,8.0
liga-2x2-online-s1-e04,Liga 2x2 Online S1-E04,2026-03-05,2026-03,Mateus & Juliano,YjQpUGj3Jbs4ReKqy9Qb,1,7,0.6666666666666666,0.4062962962962963,,,Mateus & Juliano,Mateus & Juliano,juliano & mateus,Mateus,Juliano,,,,,,,,,,,manual,0,1,7,1.0,3.0,10.0
liga-2x2-online-s1-e04,Liga 2x2 Online S1-E04,2026-03-05,2026-03,Marcos Sartori & Arthur Sartori,aSGgNx3bVJRRL4ROaoIt,2,7,0.6666666666666666,0.3322222222222222,,,Marcos Sartori & Arthur Sartori,Marcos Sartori & Arthur Sartori,arthur sartori & marcos sartori,Marcos Sartori,Arthur Sartori,,,,,,,,,,,manual,0,1,7,2.0,2.0,10.0
liga-2x2-online-s1-e04,Liga 2x2 Online S1-E04,2026-03-05,2026-03,Bauer & Langa,i9bNzs5ZxRbbzPW41D5C,3,5,0.3333333333333333,0.4792592592592593,,,Bauer & Langa,Bauer & Langa,bauer & langa,Bauer,Langa,,,,,,,,,,,manual,0,1,5,3.0,2.0,10.0
liga-2x2-online-s1-e04,Liga 2x2 Online S1-E04,2026-03-05,2026-03,Zangalli & Zangalli pai,neN58DgiQ97KUiOHmYkl,4,4,0.3333333333333333,0.33111111111111113,,,Zangalli & Zangalli pai,Zangalli & Zangalli pai,zangalli & zangalli pai,Zangalli,Zangalli pai,,,,,,,,,,,manual,0,1,4,4.0,2.0,10.0
liga-2x2-online-s1-e04,Liga 2x2 Online S1-E04,2026-03-05,2026-03,Rafael & Carlos,9zIQOOAW2EPcPk2VVryk,5,3,0.3333333333333333,0.6666666666666666,,,Rafael & Carlos,Rafael & Carlos,carlos & rafael,Rafael,Carlos,,,,,,,,,,,manual,0,1,3,5.0,1.0,10.0
liga-2x2-online-s1-e04,Liga 2x2 Online S1-E04,2026-03-05,2026-03,Andressa & Carlindo,fet3Z2jfw1zCEpDJZr5x,6,3,0.0,0.4803703703703704,,,Andressa & Carlindo,Andressa & Carlindo,andressa & carlindo,Andressa,Carlindo,,,,,,,,,,,manual,0,1,3,6.0,1.0,10.0
liga-2x2-online-s1-e04,Liga 2x2 Online S1-E04,2026-03-05,2026-03,Jorel & Martin,nkVpGrRRriNgmf242Pbq,7,3,0.0,0.33111111111111113,,,Jorel & Martin,Jorel & Martin,jorel & martin,Jorel,Martin,,,,,,,,,,,manual,0,1,3,7.0,1.0,10.0
liga-2x2-online-s1-e04,Liga 2x2 Online S1-E04,2026-03-05,2026-03,Chueiry & Vicente,xYYodATAXSDGXAZtvehM,8,2,0.0,0.5185185185185185,,,Chueiry & Vicente,Chueiry & Vicente,chueiry & vicente,Chueiry,Vicente,,,,,,,,,,,manual,0,1,2,8.0,1.0,10.0
liga-2x2-online-s1-e04,Liga 2x2 Online S1-E04,2026-03-05,2026-03,Glauber & João Marmentini,doHAPl9AbpN1FjVTmCQy,9,2,0.0,0.4074074074074074,,,Glauber & João Marmentini,Glauber & João Marmentini,glauber & joao marmentini,Glauber,João Marmentini,,,,,,,,,,,manual,0,1,2,9.0,1.0,10.0
liga-2x2-online-s1-e04,Liga 2x2 Online S1-E04,2026-03-05,2026-03,Boone & Reva,hMoFNUlRETOHeH07r4gz,10,1,0.0,0.5925925925925927,,,Boone & Reva,Boone & Reva,boone & reva,Boone,Reva,,,,,,,,,,,manual,0,1,1,10.0,1.0,10.0
liga-2x2-online-s1-e05,Liga 2x2 Online S1-E05,2026-03-19,2026-03,Vande & João Marmentini,VmvY12UO2lglgzpytnKE,1,7,0.6666666666666666,0.5925925925925926,,,Vande e João Marmentini,Vande & João Marmentini,joao marmentini & vande,Vande,João Marmentini,,,,,,,,,,,manual,0,1,7,1.0,3.0,8.0
liga-2x2-online-s1-e05,Liga 2x2 Online S1-E05,2026-03-19,2026-03,Reva & Boone,qcC9j5qiSD32CTw0hEfJ,2,7,0.6666666666666666,0.5914814814814814,,,Reva e Boone,Reva & Boone,boone & reva,Reva,Boone,,,,,,,,,,,manual,0,1,7,2.0,2.0,8.0
liga-2x2-online-s1-e05,Liga 2x2 Online S1-E05,2026-03-19,2026-03,Bauer & Langa,f9C4YkHrZ6UXpRf43vcE,3,6,0.6666666666666666,0.48148148148148145,,,Bauer & Langa,Bauer & Langa,bauer & langa,Bauer,Langa,,,,,,,,,,,manual,0,1,6,3.0,2.0,8.0
liga-2x2-online-s1-e05,Liga 2x2 Online S1-E05,2026-03-19,2026-03,Zangas & Vina,n4XCp7krNu0TCdQjkHFH,4,6,0.6666666666666666,0.48148148148148145,,,Zangas e Vina,Zangas & Vina,vina & zangas,Zangas,Vina,,,,,,,,,,,manual,0,1,6,4.0,2.0,8.0
liga-2x2-online-s1-e05,Liga 2x2 Online S1-E05,2026-03-19,2026-03,Mateus & Juliano,doyQeU1oxYSnANeB4Mxj,5,3,0.3333333333333333,0.5925925925925926,,,Mateus e Juliano,Mateus & Juliano,juliano & mateus,Mateus,Juliano,,,,,,,,,,,manual,0,1,3,5.0,1.0,8.0
liga-2x2-online-s1-e05,Liga 2x2 Online S1-E05,2026-03-19,2026-03,Dellani & Martin,JX80VnViFcqEb1N8UgJj,6,3,0.3333333333333333,0.5544444444444444,,,Dellani e Martin,Dellani & Martin,dellani & martin,Dellani,Martin,,,,,,,,,,,manual,0,1,3,6.0,1.0,8.0
liga-2x2-online-s1-e05,Liga 2x2 Online S1-E05,2026-03-19,2026-03,Cássio & Carlos,oV2owsujqrHI04uTiPbt,7,3,0.3333333333333333,0.44333333333333336,,,Cássio e Carlos,Cássio & Carlos,carlos & cassio,Cássio,Carlos,,,,,,,,,,,manual,0,1,3,7.0,1.0,8.0
liga-2x2-online-s1-e05,Liga 2x2 Online S1-E05,2026-03-19,2026-03,Vicente & Andressa,SQ6J3BKbcsNCRTpCWML1,8,0,0.0,0.48148148148148145,,,Vicente e Andressa,Vicente & Andressa,andressa & vicente,Vicente,Andressa,,,,,,,,,,,manual,0,1,0,8.0,1.0,8.0
liga-2x2-online-s2-e1,Liga 2x2 Online S2-E1,2026-04-02,2026-04,Arthur Sartori & Marcos Sartori,3apYDDvemfpF8HDzcdyC,1,7,0.6666666666666666,0.5555555555555555,,,Marcos Sartori & Arthur Sartori,Arthur Sartori & Marcos Sartori,arthur sartori & marcos sartori,Marcos Sartori,Arthur Sartori,Festa dos Planeswalker,Scions & Spellcraft,https://moxfield.com/decks/BYtodI0bP02r4z6UCkNkOg,https://moxfield.com/decks/r_IFt9Gc3UqaULfoAEjVvg,Festa dos Planeswalker,Scions & Spellcraft,Planeswalker Party,Scions & Spellcraft,Commander Masters,Final Fantasy,manual,0,0,7,1.0,3.0,7.0
liga-2x2-online-s2-e1,Liga 2x2 Online S2-E1,2026-04-02,2026-04,Chueiry & Vicente,bL2vbeVCrVyyV1MmYgjL,2,6,0.5,0.6111111111111112,,,Chueiry & Vicente,Chueiry & Vicente,chueiry & vicente,Chueiry,Vicente,Festa dos Planeswalker,Turtle Power!,https://moxfield.com/decks/BYtodI0bP02r4z6UCkNkOg,https://moxfield.com/decks/igKb7qATmkmYaX3M7hB4Sg,Festa dos Planeswalker,Turtle Power!,Planeswalker Party,Turtle Power!,Commander Masters,Teenage Mutant Ninja Turtles,manual,0,0,6,2.0,2.0,7.0
liga-2x2-online-s2-e1,Liga 2x2 Online S2-E1,2026-04-02,2026-04,Juliano & Mateus,dvyQiXAcsz8GCW8V5Uco,3,6,0.5,0.5555555555555556,,,Mateus & Juliano,Juliano & Mateus,juliano & mateus,Mateus,Juliano,Jeskai Striker,Virtude e Valor,https://moxfield.com/decks/GqSQ24NIJkq-144dkab-HQ,https://moxfield.com/decks/Oo_99oH5K0ifS25Wzu5qLw,Jeskai Striker,Virtude e Valor,Jeskai Striker,Virtue and Valor,Tarkir Dragonstorm,Wilds of Eldraine,manual,0,0,6,3.0,2.0,7.0
liga-2x2-online-s2-e1,Liga 2x2 Online S2-E1,2026-04-02,2026-04,Erick & Rogério Nascimento,LUHa84fUOZfzUeo4rVPI,4,4,0.3333333333333333,0.4444444444444444,,,Erick & ⁨Rogério Nascimento,Erick & Rogério Nascimento,erick & rogerio nascimento,Erick,Rogério Nascimento,Limit Break,World Shaper,https://moxfield.com/decks/pTUR6p0yNkOoxDNqo8TMEw,https://moxfield.com/decks/n04yWsMGvUCmMQ8ImxJ_0A,Limit Break,World Shaper,Limit Break,World Shaper,Final Fantasy,Edge of Eternities,manual,0,0,4,4.0,2.0,7.0
liga-2x2-online-s2-e1,Liga 2x2 Online S2-E1,2026-04-02,2026-04,João Marmentini & Vande,ZoM1O2YPQFYqADGAS7Pk,5,4,0.0,0.3333333333333333,,,Vande & Joao Marmentini,João Marmentini & Vande,joao marmentini & vande,Vande,João Marmentini,Içar Velas,Virtude e Valor,https://moxfield.com/decks/2wB6WsbRwU-ZdNlWHu6VKg,https://moxfield.com/decks/Oo_99oH5K0ifS25Wzu5qLw,Içar Velas,Virtude e Valor,Ahoy Mateys,Virtue and Valor,The Lost Caverns of Ixalan,Wilds of Eldraine,manual,0,0,4,5.0,1.0,7.0
liga-2x2-online-s2-e1,Liga 2x2 Online S2-E1,2026-04-02,2026-04,Jorel & Martin,oVeKrH0NvjEGxCAA3UKI,6,3,0.0,0.5555555555555556,,,Martin & Jorel,Jorel & Martin,jorel & martin,Martin,Jorel,Counter Blitz,Turtle Power!,https://moxfield.com/decks/sDazpxFOb0S9IAdQSA_7lg,https://moxfield.com/decks/igKb7qATmkmYaX3M7hB4Sg,Counter Blitz,Turtle Power!,Counter Blitz,Turtle Power!,Final Fantasy,Teenage Mutant Ninja Turtles,manual,0,0,3,6.0,1.0,7.0
liga-2x2-online-s2-e1,Liga 2x2 Online S2-E1,2026-04-02,2026-04,Boone & Reva,TyPECA8vVCs6dvQfrlzl,7,3,0.3333333333333333,0.5185185185185185,,,Boone & Reva,Boone & Reva,boone & reva,Boone,Reva,Içar Velas,"Ave, Caesar",https://moxfield.com/decks/2wB6WsbRwU-ZdNlWHu6VKg,https://moxfield.com/decks/a6xg5ghnH0C-IB5PPqTZBQ,Içar Velas,"Ave, Caesar",Ahoy Mateys,"Hail, Caesar",The Lost Caverns of Ixalan,Fallout,manual,0,0,3,7.0,1.0,7.0
liga-2x2-online-s2-e2,Liga 2x2 Online S2-E2,2026-04-16,2026-04,Bells & Greowtty,uVQgHlyTUJzaqa3pNYow,1,7,0.6666666666666666,0.5925925925925926,,,Bells & Greowtty,Bells & Greowtty,bells & greowtty,Bells,Greowtty,Virtude e Valor,Masters of Evil,https://moxfield.com/decks/Oo_99oH5K0ifS25Wzu5qLw,https://moxfield.com/decks/9i25pXMDhES76C-1-gBZKA,Virtude e Valor,Masters of Evil,Virtue and Valor,Masters of Evil,Wilds of Eldraine,Doctor Who,manual,0,0,7,1.0,3.0,11.0
liga-2x2-online-s2-e2,Liga 2x2 Online S2-E2,2026-04-16,2026-04,Carlos & Cássio,fDKqnqxvd58h9xxnQj1i,2,7,0.6666666666666666,0.4062962962962963,,,Cássio & Carlos,Carlos & Cássio,carlos & cassio,Cássio,Carlos,Animated Army,Saída do Exílio,https://moxfield.com/decks/IZBQnOST_kWlQtqytb75rg,https://moxfield.com/decks/KxwR1gan906BkACQCgMZHg,Animated Army,Saída do Exílio,Animated Army,Exit from Exile,Bloomburrow,Commander Legends: Battle for Baldur's Gate,manual,0,0,7,2.0,2.0,11.0
liga-2x2-online-s2-e2,Liga 2x2 Online S2-E2,2026-04-16,2026-04,Elder Mancini & Glaicon,VTTYN2ZYZyKap8tRNvsK,3,6,0.5,0.6111111111111112,,,Elder Mancini & Glaicon,Elder Mancini & Glaicon,elder mancini & glaicon,Elder Mancini,Glaicon,Counter Blitz,Enxame Tiranídeo,https://moxfield.com/decks/sDazpxFOb0S9IAdQSA_7lg,https://moxfield.com/decks/QJe_FP2DjUOOXtPk4I446Q,Counter Blitz,Enxame Tiranídeo,Counter Blitz,Tyranid Swarm,Final Fantasy,Warhammer 40.000,manual,0,0,6,3.0,2.0,11.0
liga-2x2-online-s2-e2,Liga 2x2 Online S2-E2,2026-04-16,2026-04,Bauer & Langa,EkZtAKdOhB9PpT1PNxsq,4,6,0.5,0.5555555555555556,,,Bauer & Langa,Bauer & Langa,bauer & langa,Bauer,Langa,Scions & Spellcraft,Içar Velas,https://moxfield.com/decks/r_IFt9Gc3UqaULfoAEjVvg,https://moxfield.com/decks/2wB6WsbRwU-ZdNlWHu6VKg,Scions & Spellcraft,Içar Velas,Scions & Spellcraft,Ahoy Mateys,Final Fantasy,The Lost Caverns of Ixalan,manual,0,0,6,4.0,2.0,11.0
liga-2x2-online-s2-e2,Liga 2x2 Online S2-E2,2026-04-16,2026-04,Jorel & Martin,H7FK6fNs1O1UYHNBS6tD,5,6,0.6666666666666666,0.3703703703703703,,,Martin & Jorel,Jorel & Martin,jorel & martin,Martin,Jorel,Jeskai Striker,Domínio das Fadinas,https://moxfield.com/decks/GqSQ24NIJkq-144dkab-HQ,https://moxfield.com/decks/ErDyBjAnKE6l5TqX6wMxdg,Jeskai Striker,Domínio das Fadinas,Jeskai Striker,Fae Dominion,Tarkir Dragonstorm,Wilds of Eldraine,manual,0,0,6,5.0,1.0,11.0
liga-2x2-online-s2-e2,Liga 2x2 Online S2-E2,2026-04-16,2026-04,Borini & Vicente,07kh34H4VNbdVRCR5YhA,6,4,0.3333333333333333,0.7037037037037037,,,Vicente & Thiago Borini,Borini & Vicente,borini & vicente,Vicente,Borini,Jeskai Striker,Abzan Armor,https://moxfield.com/decks/GqSQ24NIJkq-144dkab-HQ,https://moxfield.com/decks/hdTiRiY5IEyCJFL2BR8cyg,Jeskai Striker,Abzan Armor,Jeskai Striker,Abzan Armor,Tarkir Dragonstorm,Tarkir Dragonstorm,manual,0,0,4,6.0,1.0,11.0
liga-2x2-online-s2-e2,Liga 2x2 Online S2-E2,2026-04-16,2026-04,Arthur Sartori & Marcos Sartori,EHHlAKScWZwxtGssvJKa,7,4,0.3333333333333333,0.5174074074074074,,,Marcos Sartori & Arthur Sartori,Arthur Sartori & Marcos Sartori,arthur sartori & marcos sartori,Marcos Sartori,Arthur Sartori,Festa dos Planeswalker,Scions & Spellcraft,https://moxfield.com/decks/BYtodI0bP02r4z6UCkNkOg,https://moxfield.com/decks/r_IFt9Gc3UqaULfoAEjVvg,Festa dos Planeswalker,Scions & Spellcraft,Planeswalker Party,Scions & Spellcraft,Commander Masters,Final Fantasy,manual,0,0,4,7.0,1.0,11.0
liga-2x2-online-s2-e2,Liga 2x2 Online S2-E2,2026-04-16,2026-04,Rafael Mendes & Rogério Nascimento,hTFaYhrdnAIdUq0dkTaV,8,4,0.3333333333333333,0.5174074074074074,,,Rogério Nascimento & Rafael Mendes,Rafael Mendes & Rogério Nascimento,rafael mendes & rogerio nascimento,Rogério Nascimento,Rafael Mendes,World Shaper,Turtle Power!,https://moxfield.com/decks/n04yWsMGvUCmMQ8ImxJ_0A,https://moxfield.com/decks/igKb7qATmkmYaX3M7hB4Sg,World Shaper,Turtle Power!,World Shaper,Turtle Power!,Edge of Eternities,Teenage Mutant Ninja Turtles,manual,0,0,4,8.0,1.0,11.0
liga-2x2-online-s2-e2,Liga 2x2 Online S2-E2,2026-04-16,2026-04,Gustavo Dias & Reva,uoOIh0uZzl4mzJadSQ2E,9,3,0.3333333333333333,0.5555555555555555,,,Reva & Gustavo Dias,Gustavo Dias & Reva,gustavo dias & reva,Reva,Gustavo Dias,"Ave, Caesar",Temur Roar,https://moxfield.com/decks/a6xg5ghnH0C-IB5PPqTZBQ,https://moxfield.com/decks/sao-2xrGqUCIfv46edPgmw,"Ave, Caesar",Temur Roar,"Hail, Caesar",Temur Roar,Fallout,Tarkir Dragonstorm,manual,0,0,3,9.0,1.0,11.0
liga-2x2-online-s2-e2,Liga 2x2 Online S2-E2,2026-04-16,2026-04,João Marmentini & Vande,vqVSkFLMa14B0Y0okDfV,10,3,0.0,0.5,,,Vande & João Marmentini,João Marmentini & Vande,joao marmentini & vande,Vande,João Marmentini,Endless Punishment,Squirreled Away,https://moxfield.com/decks/eg5J71BzAU-yctY6lRn12Q,https://moxfield.com/decks/4xEJiagwvEGelJy9ojLtZA,Endless Punishment,Squirreled Away,Endless Punishment,Squirreled Away,Duskmourn: House of Horror,Bloomburrow,manual,0,0,3,10.0,1.0,11.0
liga-2x2-online-s2-e2,Liga 2x2 Online S2-E2,2026-04-16,2026-04,Juliano & Mateus,dfvS2rVaI1VaCpusXnKm,11,1,0.0,0.5555555555555556,,,Mateus & Juliano,Juliano & Mateus,juliano & mateus,Mateus,Juliano,Jeskai Striker,Içar Velas,https://moxfield.com/decks/GqSQ24NIJkq-144dkab-HQ,https://moxfield.com/decks/2wB6WsbRwU-ZdNlWHu6VKg,Jeskai Striker,Içar Velas,Jeskai Striker,Ahoy Mateys,Tarkir Dragonstorm,The Lost Caverns of Ixalan,manual,0,0,1,11.0,1.0,11.0
liga-2x2-online-s2-e3,Liga 2x2 Online S2-E3,2026-04-30,2026-04,João Marmentini & Vande,xb9z2XQvgiW3nKuamD0S,1,7,0.6666666666666666,0.4444444444444444,,,Vande & João Marmentini,João Marmentini & Vande,joao marmentini & vande,Vande,João Marmentini,Scions & Spellcraft,Endless Punishment,https://moxfield.com/decks/r_IFt9Gc3UqaULfoAEjVvg,https://moxfield.com/decks/eg5J71BzAU-yctY6lRn12Q,Scions & Spellcraft,Endless Punishment,Scions & Spellcraft,Endless Punishment,Final Fantasy,Duskmourn: House of Horror,manual,0,0,7,1.0,3.0,8.0
liga-2x2-online-s2-e3,Liga 2x2 Online S2-E3,2026-04-30,2026-04,Arthur Sartori & Marcos Sartori,I8V55E6jlMX0duAddSSN,2,7,0.6666666666666666,0.4062962962962963,,,Marcos Sartori & Arthur Sartori,Arthur Sartori & Marcos Sartori,arthur sartori & marcos sartori,Marcos Sartori,Arthur Sartori,Festa dos Planeswalker,Scions & Spellcraft,https://moxfield.com/decks/BYtodI0bP02r4z6UCkNkOg,https://moxfield.com/decks/r_IFt9Gc3UqaULfoAEjVvg,Festa dos Planeswalker,Scions & Spellcraft,Planeswalker Party,Scions & Spellcraft,Commander Masters,Final Fantasy,manual,0,0,7,2.0,2.0,8.0
liga-2x2-online-s2-e3,Liga 2x2 Online S2-E3,2026-04-30,2026-04,Bells & Greowtty,o6NgKSs02T7AmXHkcqm7,3,5,0.3333333333333333,0.6285185185185185,,,Bells & Greowtty,Bells & Greowtty,bells & greowtty,Bells,Greowtty,Temur Roar,Ciência!,https://moxfield.com/decks/sao-2xrGqUCIfv46edPgmw,https://moxfield.com/decks/MGW4G6BLH0aqomnBukdqVg,Temur Roar,Ciência!,Temur Roar,Science!,Tarkir Dragonstorm,Fallout,manual,0,0,5,3.0,2.0,8.0
liga-2x2-online-s2-e3,Liga 2x2 Online S2-E3,2026-04-30,2026-04,Boone & Reva,sggdwX3F55jTw9H31Uqg,4,4,0.3333333333333333,0.4792592592592593,,,Boone & Reva,Boone & Reva,boone & reva,Boone,Reva,Festa dos Planeswalker,"Ave, Caesar",https://moxfield.com/decks/BYtodI0bP02r4z6UCkNkOg,https://moxfield.com/decks/a6xg5ghnH0C-IB5PPqTZBQ,Festa dos Planeswalker,"Ave, Caesar",Planeswalker Party,"Hail, Caesar",Commander Masters,Fallout,manual,0,0,4,4.0,2.0,8.0
liga-2x2-online-s2-e3,Liga 2x2 Online S2-E3,2026-04-30,2026-04,Borini & Vicente,CrT92zmahJfCKDy5zSE3,5,3,0.3333333333333333,0.6285185185185185,,,Borini & Vicente,Borini & Vicente,borini & vicente,Borini,Vicente,Abzan Armor,Prismari Artistry,https://moxfield.com/decks/hdTiRiY5IEyCJFL2BR8cyg,https://moxfield.com/decks/Fh99bHrQZ0KLu34C2JXu5w,Abzan Armor,Prismari Artistry,Abzan Armor,Prismari Artistry,Tarkir Dragonstorm,Secrets of Strixhaven,manual,0,0,3,5.0,1.0,8.0
liga-2x2-online-s2-e3,Liga 2x2 Online S2-E3,2026-04-30,2026-04,Juliano & Mateus,Kod4aRfvWZ22tvoAl2Je,6,2,0.0,0.40518518518518526,,,Mateus & Juliano,Juliano & Mateus,juliano & mateus,Mateus,Juliano,Içar Velas,Jeskai Striker,https://moxfield.com/decks/2wB6WsbRwU-ZdNlWHu6VKg,https://moxfield.com/decks/GqSQ24NIJkq-144dkab-HQ,Içar Velas,Jeskai Striker,Ahoy Mateys,Jeskai Striker,The Lost Caverns of Ixalan,Tarkir Dragonstorm,manual,0,0,2,6.0,1.0,8.0
liga-2x2-online-s2-e3,Liga 2x2 Online S2-E3,2026-04-30,2026-04,Bauer & Gustavo Dias,HQJmew1lN4qczAFCXc48,7,2,0.0,0.36925925925925923,,,Gustavo Dias & Bauer,Bauer & Gustavo Dias,bauer & gustavo dias,Gustavo Dias,Bauer,Squirreled Away,Scions & Spellcraft,https://moxfield.com/decks/4xEJiagwvEGelJy9ojLtZA,https://moxfield.com/decks/r_IFt9Gc3UqaULfoAEjVvg,Squirreled Away,Scions & Spellcraft,Squirreled Away,Scions & Spellcraft,Bloomburrow,Final Fantasy,manual,0,0,2,7.0,1.0,8.0
liga-2x2-online-s2-e3,Liga 2x2 Online S2-E3,2026-04-30,2026-04,Carlos & Cássio,nd8KBDAcrrdYMjzhcK1a,8,1,0.0,0.5174074074074074,,,Cássio & Carlos,Carlos & Cássio,carlos & cassio,Cássio,Carlos,Animated Army,Saída do Exílio,https://moxfield.com/decks/IZBQnOST_kWlQtqytb75rg,https://moxfield.com/decks/KxwR1gan906BkACQCgMZHg,Animated Army,Saída do Exílio,Animated Army,Exit from Exile,Bloomburrow,Commander Legends: Battle for Baldur's Gate,manual,0,0,1,8.0,1.0,8.0
liga-2x2-online-s2-e4,Liga 2x2 Online S2-E4,2026-05-14,2026-05,Carlos & Cássio,4YOAlIOdJs413ZUxzWUE,1,9,1.0,0.4444444444444444,,,Cássio & Carlos,Carlos & Cássio,carlos & cassio,Cássio,Carlos,Animated Army,Squirreled Away,https://moxfield.com/decks/IZBQnOST_kWlQtqytb75rg,https://moxfield.com/decks/4xEJiagwvEGelJy9ojLtZA,Animated Army,Squirreled Away,Animated Army,Squirreled Away,Bloomburrow,Bloomburrow,manual,0,0,9,1.0,3.0,8.0
liga-2x2-online-s2-e4,Liga 2x2 Online S2-E4,2026-05-14,2026-05,Arthur Sartori & Marcos Sartori,5H22KtFrycpvziBSY2PJ,2,6,0.6666666666666666,0.6666666666666666,,,Marcos Sartori & Arthur Sartori,Arthur Sartori & Marcos Sartori,arthur sartori & marcos sartori,Marcos Sartori,Arthur Sartori,Festa dos Planeswalker,Scions & Spellcraft,https://moxfield.com/decks/BYtodI0bP02r4z6UCkNkOg,https://moxfield.com/decks/r_IFt9Gc3UqaULfoAEjVvg,Festa dos Planeswalker,Scions & Spellcraft,Planeswalker Party,Scions & Spellcraft,Commander Masters,Final Fantasy,manual,0,0,6,2.0,2.0,8.0
liga-2x2-online-s2-e4,Liga 2x2 Online S2-E4,2026-05-14,2026-05,Jorel & Martin,sCSBgilzOb8wrd53CkBx,3,6,0.6666666666666666,0.5555555555555555,,,Martin & Jorel,Jorel & Martin,jorel & martin,Martin,Jorel,Lorehold Spirit,Quandrix Unlimited,https://moxfield.com/decks/u6bBAgiZn0aXxjms4_-J9A,https://moxfield.com/decks/ht3IDMDxnU2VOMi7MAhtFg,Lorehold Spirit,Quandrix Unlimited,Lorehold Spirit,Quandrix Unlimited,Secrets of Strixhaven,Secrets of Strixhaven,manual,0,0,6,3.0,2.0,8.0
liga-2x2-online-s2-e4,Liga 2x2 Online S2-E4,2026-05-14,2026-05,Bells & Greowtty,QtDrsWsB43AdMv90nqN8,4,6,0.6666666666666666,0.4433333333333333,,,Bells & Greowty,Bells & Greowtty,bells & greowtty,Bells,Greowtty,Quandrix Unlimited,Maelstrom Arcano,https://moxfield.com/decks/ht3IDMDxnU2VOMi7MAhtFg,https://moxfield.com/decks/9dBPnvVgpE6CUYp-3EHlAw,Quandrix Unlimited,Maelstrom Arcano,Quandrix Unlimited,Arcane Maelstrom,Secrets of Strixhaven,Commander 2020 - Ikoria,manual,0,0,6,4.0,2.0,8.0
liga-2x2-online-s2-e4,Liga 2x2 Online S2-E4,2026-05-14,2026-05,Boone & Reva,id2atwiYn3CKnyYe1dEu,5,3,0.3333333333333333,0.6666666666666666,,,Boone & Reva,Boone & Reva,boone & reva,Boone,Reva,Içar Velas,"Ave, Caesar",https://moxfield.com/decks/2wB6WsbRwU-ZdNlWHu6VKg,https://moxfield.com/decks/a6xg5ghnH0C-IB5PPqTZBQ,Içar Velas,"Ave, Caesar",Ahoy Mateys,"Hail, Caesar",The Lost Caverns of Ixalan,Fallout,manual,0,0,3,5.0,1.0,8.0
liga-2x2-online-s2-e4,Liga 2x2 Online S2-E4,2026-05-14,2026-05,Bauer & Langa,QZ89wxBLstENHnhqxDMC,6,3,0.3333333333333333,0.6655555555555556,,,Bauer & Langa,Bauer & Langa,bauer & langa,Bauer,Langa,Festa dos Planeswalker,Içar Velas,https://moxfield.com/decks/BYtodI0bP02r4z6UCkNkOg,https://moxfield.com/decks/2wB6WsbRwU-ZdNlWHu6VKg,Festa dos Planeswalker,Içar Velas,Planeswalker Party,Ahoy Mateys,Commander Masters,The Lost Caverns of Ixalan,manual,0,0,3,6.0,1.0,8.0
liga-2x2-online-s2-e4,Liga 2x2 Online S2-E4,2026-05-14,2026-05,João Marmentini & Vande,R75rZAqaX2zsbRh9NzVw,7,3,0.3333333333333333,0.44333333333333336,,,Vande & João Marmentini,João Marmentini & Vande,joao marmentini & vande,Vande,João Marmentini,Virtude e Valor,Silverquill Influence,https://moxfield.com/decks/Oo_99oH5K0ifS25Wzu5qLw,https://moxfield.com/decks/g9rcUGSiR02aO2Ozof0rNA,Virtude e Valor,Silverquill Influence,Virtue and Valor,Silverquill Influence,Wilds of Eldraine,Secrets of Strixhaven,manual,0,0,3,7.0,1.0,8.0
liga-2x2-online-s2-e4,Liga 2x2 Online S2-E4,2026-05-14,2026-05,Borini & Vicente,sN3sDxxpkkeocqa9Xkio,8,0,0.0,0.4444444444444444,,,Borini & Vicente,Borini & Vicente,borini & vicente,Borini,Vicente,Lorehold Spirit,Silverquill Influence,https://moxfield.com/decks/u6bBAgiZn0aXxjms4_-J9A,https://moxfield.com/decks/g9rcUGSiR02aO2Ozof0rNA,Lorehold Spirit,Silverquill Influence,Lorehold Spirit,Silverquill Influence,Secrets of Strixhaven,Secrets of Strixhaven,manual,0,0,0,8.0,1.0,8.0
liga-2x2-online-s2-e5,Liga 2x2 Online S2-E5,2026-05-28,2026-05,Arthur Sartori & Marcos Sartori,1atcQv9NkUeLX7C9UOCh,1,9,1.0,0.4803703703703704,,,Marcos Sartori & Arthur Sartori // Planeswalkers party & Scion's and spellcraft,Arthur Sartori & Marcos Sartori,arthur sartori & marcos sartori,Marcos Sartori,Arthur Sartori,Festa dos Planeswalker,Scions & Spellcraft,https://moxfield.com/decks/BYtodI0bP02r4z6UCkNkOg,https://moxfield.com/decks/r_IFt9Gc3UqaULfoAEjVvg,Festa dos Planeswalker,Scions & Spellcraft,Planeswalker Party,Scions & Spellcraft,Commander Masters,Final Fantasy,manual,0,0,9,1.0,3.0,12.0
liga-2x2-online-s2-e5,Liga 2x2 Online S2-E5,2026-05-28,2026-05,João Marmentini & Vande,wjaO6tNYxV9IRWUD9kHW,2,7,0.6666666666666666,0.44333333333333336,,,Vande & João Marmentini // Endless Punishment & Scions and Spellcraft,João Marmentini & Vande,joao marmentini & vande,Vande,João Marmentini,Scions & Spellcraft,Endless Punishment,https://moxfield.com/decks/r_IFt9Gc3UqaULfoAEjVvg,https://moxfield.com/decks/eg5J71BzAU-yctY6lRn12Q,Scions & Spellcraft,Endless Punishment,Scions & Spellcraft,Endless Punishment,Final Fantasy,Duskmourn: House of Horror,manual,0,0,7,2.0,2.0,12.0
liga-2x2-online-s2-e5,Liga 2x2 Online S2-E5,2026-05-28,2026-05,Guilherme & Vicente,fdzD7AE16ILvLTLxVZf1,3,6,0.6666666666666666,0.6666666666666666,,,Vicente & Guilherme // Forces of the Imperium & Dance of the Elements,Guilherme & Vicente,guilherme & vicente,Vicente,Guilherme,Forças do Império,Dance of the Elements,https://moxfield.com/decks/vBgNOCq5CUWU3B4c5m8gXA,https://moxfield.com/decks/Z9GXwZyiKkOfR3O5m1rEkw,Forças do Império,Dance of the Elements,Forces of the Imperium,Dance of the Elements,Warhammer 40.000,Lorwyn Eclipsed,manual,0,0,6,3.0,2.0,12.0
liga-2x2-online-s2-e5,Liga 2x2 Online S2-E5,2026-05-28,2026-05,Crothen & Erick,uTIXx4IHKzf4QEpA9fXy,4,6,0.6666666666666666,0.4803703703703704,,,Erick & Crothen // Endless Punishment & Blight Curse,Crothen & Erick,crothen & erick,Erick,Crothen,Endless Punishment,Blight Curse,https://moxfield.com/decks/eg5J71BzAU-yctY6lRn12Q,https://moxfield.com/decks/dDoe4mrTwEWH0sP2H7WH4A,Endless Punishment,Blight Curse,Endless Punishment,Blight Curse,Duskmourn: House of Horror,Lorwyn Eclipsed,manual,0,0,6,4.0,2.0,12.0
liga-2x2-online-s2-e5,Liga 2x2 Online S2-E5,2026-05-28,2026-05,Bells & Greowtty,au9Ig4YwXBMV8ZeV4tVN,5,6,0.6666666666666666,0.4433333333333333,,,Greowtty & Bells // master of evil & virtue and valor,Bells & Greowtty,bells & greowtty,Greowtty,Bells,Virtude e Valor,Masters of Evil,https://moxfield.com/decks/Oo_99oH5K0ifS25Wzu5qLw,https://moxfield.com/decks/9i25pXMDhES76C-1-gBZKA,Virtude e Valor,Masters of Evil,Virtue and Valor,Masters of Evil,Wilds of Eldraine,Doctor Who,manual,0,0,6,5.0,1.0,12.0
liga-2x2-online-s2-e5,Liga 2x2 Online S2-E5,2026-05-28,2026-05,Carlos & Cássio,0AJe1evsueT2dORXkLlv,6,4,0.3333333333333333,0.5925925925925926,,,Cássio & Carlos// Animated Army e Squirreled Away,Carlos & Cássio,carlos & cassio,Cássio,Carlos,Animated Army,Squirreled Away,https://moxfield.com/decks/IZBQnOST_kWlQtqytb75rg,https://moxfield.com/decks/4xEJiagwvEGelJy9ojLtZA,Animated Army,Squirreled Away,Animated Army,Squirreled Away,Bloomburrow,Bloomburrow,manual,0,0,4,6.0,1.0,12.0
liga-2x2-online-s2-e5,Liga 2x2 Online S2-E5,2026-05-28,2026-05,Jorel & Martin,JziGWoSfHhaqxStE7HDL,7,4,0.3333333333333333,0.36925925925925923,,,Jorel & Martin / Turtle Power & Lorehold Spirit,Jorel & Martin,jorel & martin,Jorel,Martin,Turtle Power!,Lorehold Spirit,https://moxfield.com/decks/igKb7qATmkmYaX3M7hB4Sg,https://moxfield.com/decks/u6bBAgiZn0aXxjms4_-J9A,Turtle Power!,Lorehold Spirit,Turtle Power!,Lorehold Spirit,Teenage Mutant Ninja Turtles,Secrets of Strixhaven,manual,0,0,4,7.0,1.0,12.0
liga-2x2-online-s2-e5,Liga 2x2 Online S2-E5,2026-05-28,2026-05,Daniel & Rodrigo,P22EYCgCIE91BE9JByIG,8,3,0.3333333333333333,0.5555555555555555,,,Rodrigo & Daniel // Riders of Rohan & Creative Energy,Daniel & Rodrigo,daniel & rodrigo,Rodrigo,Daniel,Cavaleiros de Rohan,Creative Energy,https://moxfield.com/decks/hi-cA6GBykKPYJ9xW0g_KQ,https://moxfield.com/decks/V896XG46-kuKTCBXImt5Cg,Cavaleiros de Rohan,Creative Energy,Riders of Rohan,Creative Energy,The Lord Of The Rings: Tales Of Middle-Earth,Modern Horizons 3,manual,0,0,3,8.0,1.0,12.0
liga-2x2-online-s2-e5,Liga 2x2 Online S2-E5,2026-05-28,2026-05,Reva & Samuel,uU0teU1BbSoiiwYl3DGJ,9,3,0.3333333333333333,0.5185185185185185,,,Samuel Maia & Reva// Prismari Artistry & Hail Caesar,Reva & Samuel,reva & samuel,Samuel,Reva,Prismari Artistry,"Ave, Caesar",https://moxfield.com/decks/Fh99bHrQZ0KLu34C2JXu5w,https://moxfield.com/decks/a6xg5ghnH0C-IB5PPqTZBQ,Prismari Artistry,"Ave, Caesar",Prismari Artistry,"Hail, Caesar",Secrets of Strixhaven,Fallout,parsed,0,0,3,9.0,1.0,12.0
liga-2x2-online-s2-e5,Liga 2x2 Online S2-E5,2026-05-28,2026-05,Bauer & Gustavo Dias,qukqq03EOs21DXqcLsNk,10,3,0.3333333333333333,0.4803703703703704,,,Bauer & Gustavo Dias // Corrupting Influence & Quandrix Unlimited //,Bauer & Gustavo Dias,bauer & gustavo dias,Bauer,Gustavo Dias,Influência Corruptora,Quandrix Unlimited,https://moxfield.com/decks/wRdT-auSDE6XcMJPM0aHDA,https://moxfield.com/decks/ht3IDMDxnU2VOMi7MAhtFg,Influência Corruptora,Quandrix Unlimited,Corrupting Influence,Quandrix Unlimited,Phyrexia: All Will Be One,Secrets of Strixhaven,manual,0,0,3,10.0,1.0,12.0
liga-2x2-online-s2-e5,Liga 2x2 Online S2-E5,2026-05-28,2026-05,Felipe & Pinho,wPcnMZiYa5RYwOn0mCKV,11,1,0.0,0.7407407407407408,,,Pinho & Felipe//Tricky Terrain & Counter Blitz,Felipe & Pinho,felipe & pinho,Pinho,Felipe,Tricky Terrain,Counter Blitz,https://moxfield.com/decks/oZAUJUI4OESC2r8Yz9hhRw,https://moxfield.com/decks/sDazpxFOb0S9IAdQSA_7lg,Tricky Terrain,Counter Blitz,Tricky Terrain,Counter Blitz,Modern Horizons 3,Final Fantasy,manual,0,0,1,11.0,1.0,12.0
liga-2x2-online-s2-e5,Liga 2x2 Online S2-E5,2026-05-28,2026-05,Marcelo F. & Renan,I1xd9vCpZvHcswGRpGxc,12,0,0.0,0.5555555555555555,,,Marcelo F. & Renan // Lorehold Spirit & Ahoy Mateys,Marcelo F. & Renan,marcelo f & renan,Marcelo F.,Renan,Lorehold Spirit,Içar Velas,https://moxfield.com/decks/u6bBAgiZn0aXxjms4_-J9A,https://moxfield.com/decks/2wB6WsbRwU-ZdNlWHu6VKg,Lorehold Spirit,Içar Velas,Lorehold Spirit,Ahoy Mateys,Secrets of Strixhaven,The Lost Caverns of Ixalan,manual,0,0,0,12.0,1.0,12.0
liga-2x2-online-s2-e6,Liga 2x2 Online S2-E6,2026-06-11,2026-06,Bells & Greowtty,WSEeUzWdPRD3aVu4QwHH,1,9,1.0,0.5555555555555555,,,Bells & Greowtty // Quandrix Unlimited & Seize Control,Bells & Greowtty,bells & greowtty,Bells,Greowtty,Quandrix Unlimited,Seize Control,https://moxfield.com/decks/ht3IDMDxnU2VOMi7MAhtFg,https://moxfield.com/decks/9xWe3BhbaEWqt4WNHdU7Ow,Quandrix Unlimited,Seize Control,Quandrix Unlimited,Seize Control,Secrets of Strixhaven,Commander 2015,manual,0,0,9,1.0,3.0,8.0
liga-2x2-online-s2-e6,Liga 2x2 Online S2-E6,2026-06-11,2026-06,Jorel & Martin,zo2UwBtBIgel19yCP5UA,2,6,0.6666666666666666,0.5544444444444444,,,Martin & Jorel // Lorehold Spirits & Turtle Power,Jorel & Martin,jorel & martin,Martin,Jorel,Lorehold Spirit,Turtle Power!,https://moxfield.com/decks/u6bBAgiZn0aXxjms4_-J9A,https://moxfield.com/decks/igKb7qATmkmYaX3M7hB4Sg,Lorehold Spirit,Turtle Power!,Lorehold Spirit,Turtle Power!,Secrets of Strixhaven,Teenage Mutant Ninja Turtles,manual,0,0,6,2.0,2.0,8.0
liga-2x2-online-s2-e6,Liga 2x2 Online S2-E6,2026-06-11,2026-06,Arthur Sartori & Marcos Sartori,JdkDI5iXPZDaoZVsw5EG,3,6,0.6666666666666666,0.5533333333333333,,,Marcos Sartori & Arthur Sartori // Planeswalker Party & Scions and Spellcraft,Arthur Sartori & Marcos Sartori,arthur sartori & marcos sartori,Marcos Sartori,Arthur Sartori,Festa dos Planeswalker,Scions & Spellcraft,https://moxfield.com/decks/BYtodI0bP02r4z6UCkNkOg,https://moxfield.com/decks/r_IFt9Gc3UqaULfoAEjVvg,Festa dos Planeswalker,Scions & Spellcraft,Planeswalker Party,Scions & Spellcraft,Commander Masters,Final Fantasy,manual,0,0,6,3.0,2.0,8.0
liga-2x2-online-s2-e6,Liga 2x2 Online S2-E6,2026-06-11,2026-06,JoÃo Marmentini & Pedro Boaro,J7QHrCE19bB8ZVoYzoFH,4,4,0.3333333333333333,0.3322222222222222,,,João Marmentini & Pedro Boaro // Lorehold Spirits & Silverquil Influence,JoÃo Marmentini & Pedro Boaro,joao marmentini & pedro boaro,JoÃo Marmentini,Pedro Boaro,Lorehold Spirit,Silverquill Influence,https://moxfield.com/decks/u6bBAgiZn0aXxjms4_-J9A,https://moxfield.com/decks/g9rcUGSiR02aO2Ozof0rNA,Lorehold Spirit,Silverquill Influence,Lorehold Spirit,Silverquill Influence,Secrets of Strixhaven,Secrets of Strixhaven,manual,0,0,4,4.0,2.0,8.0
liga-2x2-online-s2-e6,Liga 2x2 Online S2-E6,2026-06-11,2026-06,Andressa & Reva,wDrflRxU2k9EaZlomGfy,5,3,0.3333333333333333,0.7037037037037037,,,Andressa & Reva // Temur Roar & Jeskai Striker,Andressa & Reva,andressa & reva,Andressa,Reva,Temur Roar,Jeskai Striker,https://moxfield.com/decks/sao-2xrGqUCIfv46edPgmw,https://moxfield.com/decks/GqSQ24NIJkq-144dkab-HQ,Temur Roar,Jeskai Striker,Temur Roar,Jeskai Striker,Tarkir Dragonstorm,Tarkir Dragonstorm,manual,0,0,3,5.0,1.0,8.0
liga-2x2-online-s2-e6,Liga 2x2 Online S2-E6,2026-06-11,2026-06,Felipe & Pinho,2Bf3r0w3ORzEqAIoZLHC,6,3,0.0,0.36814814814814817,,,Felipe & Pinho // Tricky Terrain & Counter Blitz,Felipe & Pinho,felipe & pinho,Felipe,Pinho,Tricky Terrain,Counter Blitz,https://moxfield.com/decks/oZAUJUI4OESC2r8Yz9hhRw,https://moxfield.com/decks/sDazpxFOb0S9IAdQSA_7lg,Tricky Terrain,Counter Blitz,Tricky Terrain,Counter Blitz,Modern Horizons 3,Final Fantasy,manual,0,0,3,6.0,1.0,8.0
liga-2x2-online-s2-e6,Liga 2x2 Online S2-E6,2026-06-11,2026-06,Carlos & Vande,TFus1V9CCIkg5Hm4ecnt,7,1,0.0,0.5555555555555555,,,Carlos & Vande // Turtle Power & Counter Blitz,Carlos & Vande,carlos & vande,Carlos,Vande,Turtle Power!,Counter Blitz,https://moxfield.com/decks/igKb7qATmkmYaX3M7hB4Sg,https://moxfield.com/decks/sDazpxFOb0S9IAdQSA_7lg,Turtle Power!,Counter Blitz,Turtle Power!,Counter Blitz,Teenage Mutant Ninja Turtles,Final Fantasy,manual,0,0,1,7.0,1.0,8.0
liga-2x2-online-s2-e6,Liga 2x2 Online S2-E6,2026-06-11,2026-06,Guilherme & Vicente,Pnke51krTliz8gyqal1P,8,1,0.0,0.48148148148148145,,,Guilherme & Vicente // Dance of the Elements & Limit Break,Guilherme & Vicente,guilherme & vicente,Guilherme,Vicente,Dance of the Elements,Limit Break,https://moxfield.com/decks/Z9GXwZyiKkOfR3O5m1rEkw,https://moxfield.com/decks/pTUR6p0yNkOoxDNqo8TMEw,Dance of the Elements,Limit Break,Dance of the Elements,Limit Break,Lorwyn Eclipsed,Final Fantasy,manual,0,0,1,8.0,1.0,8.0
liga-2x2-online-s2-e7,Liga 2x2 Online S2-E7,2026-06-25,2026-06,Dellani & Martin,YDUUTjYvfnU1MHFVZLOy,1,9,1.0,0.4074074074074074,,,Martin & Dellani // Lorehold Spirit & Planeswalker Party,Dellani & Martin,dellani & martin,Martin,Dellani,Lorehold Spirit,Festa dos Planeswalker,https://moxfield.com/decks/u6bBAgiZn0aXxjms4_-J9A,https://moxfield.com/decks/BYtodI0bP02r4z6UCkNkOg,Lorehold Spirit,Festa dos Planeswalker,Lorehold Spirit,Planeswalker Party,Secrets of Strixhaven,Commander Masters,manual,0,0,9,1.0,3.0,8.0
liga-2x2-online-s2-e7,Liga 2x2 Online S2-E7,2026-06-25,2026-06,Thiago & Vande,guSbtFkYJLcQHSYiYT9K,2,7,0.6666666666666666,0.33111111111111113,,,Vande & Thiago // Endless Punishment & Dance of the Elements,Thiago & Vande,thiago & vande,Vande,Thiago,Endless Punishment,Dance of the Elements,https://moxfield.com/decks/eg5J71BzAU-yctY6lRn12Q,https://moxfield.com/decks/Z9GXwZyiKkOfR3O5m1rEkw,Endless Punishment,Dance of the Elements,Endless Punishment,Dance of the Elements,Duskmourn: House of Horror,Lorwyn Eclipsed,manual,0,0,7,2.0,2.0,8.0
liga-2x2-online-s2-e7,Liga 2x2 Online S2-E7,2026-06-25,2026-06,Guilherme & Vicente,1WPIOtVF2PXQHQyJVp3s,3,4,0.3333333333333333,0.5533333333333333,,,Guilherme & Vicente // Prismari Artistry & Silverquill Influence,Guilherme & Vicente,guilherme & vicente,Guilherme,Vicente,Prismari Artistry,Silverquill Influence,https://moxfield.com/decks/Fh99bHrQZ0KLu34C2JXu5w,https://moxfield.com/decks/g9rcUGSiR02aO2Ozof0rNA,Prismari Artistry,Silverquill Influence,Prismari Artistry,Silverquill Influence,Secrets of Strixhaven,Secrets of Strixhaven,manual,0,0,4,3.0,2.0,8.0
liga-2x2-online-s2-e7,Liga 2x2 Online S2-E7,2026-06-25,2026-06,Carlos & Carlos,px9PQWNxxJBSlnF7ywFa,4,4,0.3333333333333333,0.5533333333333333,,,Carlos & Carlos // Scions and Spellcraft & Doom Prevails,Carlos & Carlos,carlos & carlos,Carlos,Carlos,Scions & Spellcraft,Doom Prevails,https://moxfield.com/decks/r_IFt9Gc3UqaULfoAEjVvg,https://moxfield.com/decks/Jg16IgdT80G3KgLz0vI23g,Scions & Spellcraft,Doom Prevails,Scions & Spellcraft,Doom Prevails,Final Fantasy,Marvel Super Heroes,manual,0,0,4,4.0,2.0,8.0
liga-2x2-online-s2-e7,Liga 2x2 Online S2-E7,2026-06-25,2026-06,Bells & Greowtty,ePauMqiW2B1xBT6ysxXH,5,3,0.3333333333333333,0.7025925925925925,,,Greowtty & Bells // Swell the host & Prismari artistry,Bells & Greowtty,bells & greowtty,Greowtty,Bells,Swell the Host,Prismari Artistry,https://moxfield.com/decks/sTwznDkLR06SrAiWHA9AIA,https://moxfield.com/decks/Fh99bHrQZ0KLu34C2JXu5w,Swell the Host,Prismari Artistry,Swell the Host,Prismari Artistry,Commander 2015,Secrets of Strixhaven,manual,0,0,3,5.0,1.0,8.0
liga-2x2-online-s2-e7,Liga 2x2 Online S2-E7,2026-06-25,2026-06,Arthur Sartori & Marcos Sartori,19woGZCjuSBns18JX3Zw,6,2,0.0,0.5174074074074074,,,Marcos Sartori & Arthur Sartori // Planeswalker party & Scions and spellcraft,Arthur Sartori & Marcos Sartori,arthur sartori & marcos sartori,Marcos Sartori,Arthur Sartori,Festa dos Planeswalker,Scions & Spellcraft,https://moxfield.com/decks/BYtodI0bP02r4z6UCkNkOg,https://moxfield.com/decks/r_IFt9Gc3UqaULfoAEjVvg,Festa dos Planeswalker,Scions & Spellcraft,Planeswalker Party,Scions & Spellcraft,Commander Masters,Final Fantasy,manual,0,0,2,6.0,1.0,8.0
liga-2x2-online-s2-e7,Liga 2x2 Online S2-E7,2026-06-25,2026-06,Felipe & Pinho,TrTICxdROFfJltL2CIsX,7,2,0.0,0.36925925925925923,,,Felipe & Pinho // Tricky Terrain & Counter Blitz,Felipe & Pinho,felipe & pinho,Felipe,Pinho,Tricky Terrain,Counter Blitz,https://moxfield.com/decks/oZAUJUI4OESC2r8Yz9hhRw,https://moxfield.com/decks/sDazpxFOb0S9IAdQSA_7lg,Tricky Terrain,Counter Blitz,Tricky Terrain,Counter Blitz,Modern Horizons 3,Final Fantasy,manual,0,0,2,7.0,1.0,8.0
liga-2x2-online-s2-e7,Liga 2x2 Online S2-E7,2026-06-25,2026-06,Boone & Reva,3DwNNoaks3pbpUaGhVE5,8,1,0.0,0.5555555555555556,,,Reva & Boone // Hail Caesar & witherbloom pestilence,Boone & Reva,boone & reva,Reva,Boone,"Ave, Caesar",Witherbloom Pestilence,https://moxfield.com/decks/a6xg5ghnH0C-IB5PPqTZBQ,https://moxfield.com/decks/AfG94iTx-UeG0L1wvTfSug,"Ave, Caesar",Witherbloom Pestilence,"Hail, Caesar",Witherbloom Pestilence,Fallout,Secrets of Strixhaven,manual,0,0,1,8.0,1.0,8.0
liga-2x2-online-s3-e01,Liga 2x2 Online S3-E01,2026-07-09,2026-07,Vande & Reva,AUhP5Up5iXACr6uoUCnt,1,9,1.0,0.6666666666666666,,,Vande & Reva // Endless Punishment & Witherbloom Pestilence,Vande & Reva,reva & vande,Vande,Reva,Endless Punishment,Witherbloom Pestilence,https://moxfield.com/decks/eg5J71BzAU-yctY6lRn12Q,https://moxfield.com/decks/AfG94iTx-UeG0L1wvTfSug,Endless Punishment,Witherbloom Pestilence,Endless Punishment,Witherbloom Pestilence,Duskmourn: House of Horror,Secrets of Strixhaven,manual,0,0,9,1.0,3.0,8.0
liga-2x2-online-s3-e01,Liga 2x2 Online S3-E01,2026-07-09,2026-07,Jorel & Martin,3OB6CZ7mic8YoqHFcAiX,2,6,0.6666666666666666,0.5925925925925926,,,Jorel & Martin // Lorehold Spirit & Doom Prevails,Jorel & Martin,jorel & martin,Jorel,Martin,Lorehold Spirit,Doom Prevails,https://moxfield.com/decks/u6bBAgiZn0aXxjms4_-J9A,https://moxfield.com/decks/Jg16IgdT80G3KgLz0vI23g,Lorehold Spirit,Doom Prevails,Lorehold Spirit,Doom Prevails,Secrets of Strixhaven,Marvel Super Heroes,manual,0,0,6,2.0,2.0,8.0
liga-2x2-online-s3-e01,Liga 2x2 Online S3-E01,2026-07-09,2026-07,Cássio Brancaleone & Carlos Spinola,X3seaKCvVnMNcozIBItG,3,6,0.6666666666666666,0.5533333333333333,,,Cássio Brancaleone & Carlos Spinola // Prismari Artistry & Draconic Dissent,Cássio Brancaleone & Carlos Spinola,carlos spinola & cassio brancaleone,Cássio Brancaleone,Carlos Spinola,Prismari Artistry,Dissidência Dracônica,https://moxfield.com/decks/Fh99bHrQZ0KLu34C2JXu5w,https://moxfield.com/decks/7hf3S7uxwE--7fSePH6i_Q,Prismari Artistry,Dissidência Dracônica,Prismari Artistry,Draconic Dissent,Secrets of Strixhaven,Commander Legends: Battle for Baldur's Gate,manual,0,0,6,3.0,2.0,8.0
liga-2x2-online-s3-e01,Liga 2x2 Online S3-E01,2026-07-09,2026-07,Guilherme Oliveira & Vicente Daye,bnQlQMrmWWxVX3CD0ZDY,4,6,0.6666666666666666,0.5533333333333333,,,Guilherme Oliveira & Vicente Daye // Prismary Artistry & Doom Prevails,Guilherme Oliveira & Vicente Daye,guilherme oliveira & vicente daye,Guilherme Oliveira,Vicente Daye,Prismari Artistry,Doom Prevails,https://moxfield.com/decks/Fh99bHrQZ0KLu34C2JXu5w,https://moxfield.com/decks/Jg16IgdT80G3KgLz0vI23g,Prismari Artistry,Doom Prevails,Prismari Artistry,Doom Prevails,Secrets of Strixhaven,Marvel Super Heroes,manual,0,0,6,4.0,2.0,8.0
liga-2x2-online-s3-e01,Liga 2x2 Online S3-E01,2026-07-09,2026-07,Marcos Sartori & Arthur Sartori,Y9iFaDwirngZPL7Hbf1s,5,4,0.3333333333333333,0.44333333333333336,,,Marcos Sartori & Arthur Sartori // Counter blitz & Silverquill influence,Marcos Sartori & Arthur Sartori,arthur sartori & marcos sartori,Marcos Sartori,Arthur Sartori,Counter Blitz,Silverquill Influence,https://moxfield.com/decks/sDazpxFOb0S9IAdQSA_7lg,https://moxfield.com/decks/g9rcUGSiR02aO2Ozof0rNA,Counter Blitz,Silverquill Influence,Counter Blitz,Silverquill Influence,Final Fantasy,Secrets of Strixhaven,manual,0,0,4,5.0,1.0,8.0
liga-2x2-online-s3-e01,Liga 2x2 Online S3-E01,2026-07-09,2026-07,Daniel Gentil & Marcel Zulian,LpvOqL7c7cdIjZ6OwMig,6,3,0.3333333333333333,0.4803703703703704,,,Daniel Gentil & Marcel Zulian // Wakanda Forever & Endless Punishment,Daniel Gentil & Marcel Zulian,daniel gentil & marcel zulian,Daniel Gentil,Marcel Zulian,Wakanda Forever,Endless Punishment,https://moxfield.com/decks/sWfwgd1bQUetBcj5gFVaYQ,https://moxfield.com/decks/eg5J71BzAU-yctY6lRn12Q,Wakanda Forever,Endless Punishment,Wakanda Forever,Endless Punishment,Marvel Super Heroes,Duskmourn: House of Horror,manual,0,0,3,6.0,1.0,8.0
liga-2x2-online-s3-e01,Liga 2x2 Online S3-E01,2026-07-09,2026-07,Thiago Mattos & Samuel Maia,TNZjZ6dfZuTBpFDH4g7n,7,1,0.0,0.5925925925925926,,,Thiago Mattos & Samuel Maia // Avengers Assemble & Silverquill Influence,Thiago Mattos & Samuel Maia,samuel & thiago mattos,Thiago Mattos,Samuel,Avengers Assemble,Silverquill Influence,https://moxfield.com/decks/dXgR2kmN2Uyovl7B9qHcPg,https://moxfield.com/decks/g9rcUGSiR02aO2Ozof0rNA,Avengers Assemble,Silverquill Influence,Avengers Assemble,Silverquill Influence,Marvel Super Heroes,Secrets of Strixhaven,manual,0,0,1,7.0,1.0,8.0
liga-2x2-online-s3-e01,Liga 2x2 Online S3-E01,2026-07-09,2026-07,Bells & Greowtty,L3hS2iYkwOhBqiCqMORC,8,0,0.0,0.5555555555555555,,,Bells & Greowtty // Endless Punishment & Maestros Massacre's,Bells & Greowtty,bells & greowtty,Bells,Greowtty,Endless Punishment,Massacre dos Maestros,https://moxfield.com/decks/eg5J71BzAU-yctY6lRn12Q,https://moxfield.com/decks/LxPGBybSyEWQHFd87np1Xw,Endless Punishment,Massacre dos Maestros,Endless Punishment,Maestros Massacre,Duskmourn: House of Horror,Streets of New Capenna,manual,0,0,0,8.0,1.0,8.0
liga-2x2-online-s3-e02,Liga 2x2 Online S3-E02,2026-07-23,2026-07,Reva & Vande,Av9p57GFkMIbCaQWRzET,1,7,0.6666666666666666,0.5925925925925926,,,Reva & Vande,Reva & Vande,reva & vande,Reva,Vande,,,,,,,,,,,manual,0,1,7,1.0,3.0,7.0
liga-2x2-online-s3-e02,Liga 2x2 Online S3-E02,2026-07-23,2026-07,Marcos Sartori & Arthur Sartori,upCz9hFnKnnTsbTEPMvV,2,7,0.6666666666666666,0.48148148148148145,,,Marcos Sartori & Arthur Sartori,Marcos Sartori & Arthur Sartori,arthur sartori & marcos sartori,Marcos Sartori,Arthur Sartori,,,,,,,,,,,manual,0,1,7,2.0,2.0,7.0
liga-2x2-online-s3-e02,Liga 2x2 Online S3-E02,2026-07-23,2026-07,Martin & Jorel,JPtxX4239eJHZUILILYC,3,6,0.6666666666666666,0.5925925925925926,,,Martin & Jorel,Martin & Jorel,jorel & martin,Martin,Jorel,,,,,,,,,,,manual,0,1,6,3.0,2.0,7.0
liga-2x2-online-s3-e02,Liga 2x2 Online S3-E02,2026-07-23,2026-07,Marcelo & Carlindo,6TiSNPRvRyN6PB6bYLOo,4,6,0.5,0.5,,,Marcelo & Carlindo,Marcelo & Carlindo,carlindo & marcelo,Marcelo,Carlindo,,,,,,,,,,,manual,0,1,6,4.0,2.0,7.0
liga-2x2-online-s3-e02,Liga 2x2 Online S3-E02,2026-07-23,2026-07,Bells & Greowtty,U3prcsUBqRzy2NrQ3TY8,5,3,0.0,0.7222222222222222,,,Bells & Greowtty,Bells & Greowtty,bells & greowtty,Bells,Greowtty,,,,,,,,,,,manual,0,1,3,5.0,1.0,7.0
liga-2x2-online-s3-e02,Liga 2x2 Online S3-E02,2026-07-23,2026-07,Mateus & Matheus,1RUL6nCainD674UzOma6,6,3,0.3333333333333333,0.5925925925925926,,,Mateus & Matheus,Mateus & Matheus,mateus & matheus,Mateus,Matheus,,,,,,,,,,,manual,0,1,3,6.0,1.0,7.0
liga-2x2-online-s3-e02,Liga 2x2 Online S3-E02,2026-07-23,2026-07,Guilherme Oliveira & Vicente Daye,gR2C0w13cOggRNdlhbSr,7,3,0.0,0.5555555555555556,,,Guilherme Oliveira & Vicente Daye,Guilherme Oliveira & Vicente Daye,guilherme oliveira & vicente daye,Guilherme Oliveira,Vicente Daye,,,,,,,,,,,manual,0,1,3,7.0,1.0,7.0
liga-2x2-online-s3-e03,Liga 2x2 Online S3-E03,2026-08-06,2026-08,Reva & Vande,Jx1185OjNTYQHcQpf2Ou,1,9,1.0,0.4074074074074074,,,Reva & Vande,Reva & Vande,reva & vande,Reva,Vande,,,,,,,,,,,manual,0,1,9,1.0,3.0,6.0
liga-2x2-online-s3-e03,Liga 2x2 Online S3-E03,2026-08-06,2026-08,Guilherme Oliveira & Vicente Daye,R7VuzUKIjBTa4XXrMPH5,2,4,0.3333333333333333,0.5914814814814815,,,Guilherme Oliveira & Vicente Daye,Guilherme Oliveira & Vicente Daye,guilherme oliveira & vicente daye,Guilherme Oliveira,Vicente Daye,,,,,,,,,,,manual,0,1,4,2.0,2.0,6.0
liga-2x2-online-s3-e03,Liga 2x2 Online S3-E03,2026-08-06,2026-08,Thiago Cunha & Carlos Spinola,s4NJHPXyWxa03tH28ZN8,3,4,0.3333333333333333,0.5914814814814815,,,Thiago Cunha & Carlos Spinola,Thiago Cunha & Carlos Spinola,carlos spinola & thiago cunha,Thiago Cunha,Carlos Spinola,,,,,,,,,,,manual,0,1,4,3.0,2.0,6.0
liga-2x2-online-s3-e03,Liga 2x2 Online S3-E03,2026-08-06,2026-08,Kukaowty & Rafael Silva,7au8fF8YACgwm9CTBIKU,4,4,0.3333333333333333,0.4074074074074074,,,Rafael Silva & Kukaowty,Kukaowty & Rafael Silva,kukaowty & rafael silva,Rafael Silva,Kukaowty,,,,,,,,,,,parsed,0,1,4,4.0,2.0,6.0
liga-2x2-online-s3-e03,Liga 2x2 Online S3-E03,2026-08-06,2026-08,Felipe & Pinho,sgf7wv70ODbHhDEaGBxE,5,3,0.3333333333333333,0.5914814814814815,,,Felipe & Pinho,Felipe & Pinho,felipe & pinho,Felipe,Pinho,,,,,,,,,,,manual,0,1,3,5.0,1.0,6.0
liga-2x2-online-s3-e03,Liga 2x2 Online S3-E03,2026-08-06,2026-08,Bells & Greowtty,spaGZKQ5fd6hXm1YJg2Z,6,1,0.0,0.4074074074074074,,,Bells & Greowty,Bells & Greowtty,bells & greowtty,Bells,Greowtty,Counter Inteligence,Blast from the Past,https://moxfield.com/decks/3_8jtm_lzESK6BdFtnM3iA,https://moxfield.com/decks/DrrgKpdOf0mmfCVUIyraLw,Counter Inteligence,Blast from the Past,Counter Inteligence,Blast from the Past,Edge of Eternities,Doctor Who,manual,0,0,1,6.0,1.0,6.0
liga-2x2-online-s3-e04,Liga 2x2 Online S3-E04,2026-08-20,2026-08,Reva & Vande,P7mv2ycdsBIS4GKTexK5,1,9,1.0,0.4433333333333333,,,Reva & Vande // Jeskai Striker & Endless Punishment,Reva & Vande,reva & vande,Reva,Vande,Jeskai Striker,Endless Punishment,https://moxfield.com/decks/GqSQ24NIJkq-144dkab-HQ,https://moxfield.com/decks/eg5J71BzAU-yctY6lRn12Q,Jeskai Striker,Endless Punishment,Jeskai Striker,Endless Punishment,Tarkir Dragonstorm,Duskmourn: House of Horror,manual,0,0,9,1.0,3.0,4.0
liga-2x2-online-s3-e04,Liga 2x2 Online S3-E04,2026-08-20,2026-08,Romano & Martin,7dBYiv9yOSHMOh9lbAnx,2,6,0.6666666666666666,0.5544444444444444,,,Romano & Martin // Silverquill Inflluence & Jeskai Striker,Romano & Martin,martin & romano,Romano,Martin,Silverquill Influence,Jeskai Striker,https://moxfield.com/decks/g9rcUGSiR02aO2Ozof0rNA,https://moxfield.com/decks/GqSQ24NIJkq-144dkab-HQ,Silverquill Influence,Jeskai Striker,Silverquill Influence,Jeskai Striker,Secrets of Strixhaven,Tarkir Dragonstorm,manual,0,0,6,2.0,2.0,4.0
liga-2x2-online-s3-e04,Liga 2x2 Online S3-E04,2026-08-20,2026-08,Metusa & Chueiry,0o3tmgg05DEjAc08hU9J,3,3,0.3333333333333333,0.6655555555555556,,,Metusa & Chueiry // Massacre dos Maestros & Family Matters,Metusa & Chueiry,chueiry & metusa,Metusa,Chueiry,Massacre dos Maestros,Family Matters,https://moxfield.com/decks/LxPGBybSyEWQHFd87np1Xw,https://moxfield.com/decks/c6jPOurIekil4dXtwVWq8w,Massacre dos Maestros,Family Matters,Maestros Massacre,Family Matters,Streets of New Capenna,Bloomburrow,manual,0,0,3,3.0,2.0,4.0
liga-2x2-online-s3-e04,Liga 2x2 Online S3-E04,2026-08-20,2026-08,Bell & Greowtty,7QhUhrJzq2NrSOsN4zwY,4,0,0.0,0.6666666666666666,,,Bell & Greowtty /Virtue and Valor & Adaptive enchantment,Bell & Greowtty,bell & greowtty,Bell,Greowtty,Virtude e Valor,Encantamento Adaptativo,https://moxfield.com/decks/Oo_99oH5K0ifS25Wzu5qLw,https://moxfield.com/decks/64xc7oFyak2RjPAWc5RdCQ,Virtude e Valor,Encantamento Adaptativo,Virtue and Valor,Adaptive Enchantment,Wilds of Eldraine,Commander 2018,manual,0,0,0,4.0,2.0,4.0
liga-2x2-online-s3-e05,Liga 2x2 Online S3-E05,2026-09-03,2026-09,Felipe & Pinho,zlclkm2uSTX42W2tXhGY,1,7,0.6666666666666666,0.36925925925925923,,,Felipe & Pinho // Explores of the Deep & Counter Blitz,Felipe & Pinho,felipe & pinho,Felipe,Pinho,Exploradores das Profundezas,Counter Blitz,https://moxfield.com/decks/SvrXYfEIn0q5EprNPf0mqQ,https://moxfield.com/decks/sDazpxFOb0S9IAdQSA_7lg,Exploradores das Profundezas,Counter Blitz,Explorers of the Deep,Counter Blitz,The Lost Caverns of Ixalan,Final Fantasy,manual,0,0,7,1.0,3.0,6.0
liga-2x2-online-s3-e05,Liga 2x2 Online S3-E05,2026-09-03,2026-09,Thiago Cunha & Carlos Spinola,bdINJzFvkj3CmKLPAX07,2,6,0.6666666666666666,0.48148148148148145,,,Thiago Cunha & Carlos Spinola // Sneak Attack e Mind Flayarrrs,Thiago Cunha & Carlos Spinola,carlos spinola & thiago cunha,Thiago Cunha,Carlos Spinola,Ataque Surpresa,Devorarrrdores de Mentes,https://moxfield.com/decks/RzsmVOnyREuqPhNrhrA-ow,https://moxfield.com/decks/fmt6yaMreU2LXsLELVt7xw,Ataque Surpresa,Devorarrrdores de Mentes,Sneak Attack,Mind Flayarrrs,Zendikar Rising,Commander Legends: Battle for Baldur's Gate,manual,0,0,6,2.0,2.0,6.0
liga-2x2-online-s3-e05,Liga 2x2 Online S3-E05,2026-09-03,2026-09,Jorel & Martin,HTFNbyBHYWEMiUyEqkRG,3,6,0.6666666666666666,0.48037037037037034,,,Jorel & Martin // Turtle Power & Silverquill Influence,Jorel & Martin,jorel & martin,Jorel,Martin,Turtle Power!,Silverquill Influence,https://moxfield.com/decks/igKb7qATmkmYaX3M7hB4Sg,https://moxfield.com/decks/g9rcUGSiR02aO2Ozof0rNA,Turtle Power!,Silverquill Influence,Turtle Power!,Silverquill Influence,Teenage Mutant Ninja Turtles,Secrets of Strixhaven,manual,0,0,6,3.0,2.0,6.0
liga-2x2-online-s3-e05,Liga 2x2 Online S3-E05,2026-09-03,2026-09,Reva & Vande,6GG2e1gv1mfcHq5wQZnv,4,4,0.3333333333333333,0.7037037037037037,,,Reva & Vande // Jeskai Striker & Whiterbloom Pestilence,Reva & Vande,reva & vande,Reva,Vande,Jeskai Striker,Witherbloom Pestilence,https://moxfield.com/decks/GqSQ24NIJkq-144dkab-HQ,https://moxfield.com/decks/AfG94iTx-UeG0L1wvTfSug,Jeskai Striker,Witherbloom Pestilence,Jeskai Striker,Witherbloom Pestilence,Tarkir Dragonstorm,Secrets of Strixhaven,manual,0,0,4,4.0,2.0,6.0
liga-2x2-online-s3-e05,Liga 2x2 Online S3-E05,2026-09-03,2026-09,Marcos Sartori & Arthur Sartori,FyEfRdq31ENZMkjpBRkM,5,3,0.3333333333333333,0.5914814814814814,,,Marcos Sartori & Arthur Sartori // Animated Army & Family Matters,Marcos Sartori & Arthur Sartori,arthur sartori & marcos sartori,Marcos Sartori,Arthur Sartori,Animated Army,Family Matters,https://moxfield.com/decks/IZBQnOST_kWlQtqytb75rg,https://moxfield.com/decks/c6jPOurIekil4dXtwVWq8w,Animated Army,Family Matters,Animated Army,Family Matters,Bloomburrow,Bloomburrow,manual,0,0,3,5.0,1.0,6.0
liga-2x2-online-s3-e05,Liga 2x2 Online S3-E05,2026-09-03,2026-09,Vini Chaca & Susan Ferreira,UTJKLldD7KFZsQLAIOZi,6,0,0.0,0.5925925925925926,,,Vini Chaca & Susan Ferreira // Corrupting Influence & Counter Intelligence,Vini Chaca & Susan Ferreira,susan ferreira & vini chaca,Vini Chaca,Susan Ferreira,Influência Corruptora,Counter Inteligence,https://moxfield.com/decks/wRdT-auSDE6XcMJPM0aHDA,https://moxfield.com/decks/3_8jtm_lzESK6BdFtnM3iA,Influência Corruptora,Counter Inteligence,Corrupting Influence,Counter Inteligence,Phyrexia: All Will Be One,Edge of Eternities,manual,0,0,0,6.0,1.0,6.0
